INSERT INTO PUBLIC.SCHOOL(CD, NAME) VALUES
('oom', STRINGDECODE('\u5927\u5bae\u6821')),
('tky', STRINGDECODE('\u6771\u4eac\u6821'));

INSERT INTO PUBLIC.TEACHER(ID, PASSWORD, NAME, SCHOOL_CD) VALUES
('admin', 'password', STRINGDECODE('\u77e2\u5cf6 \u7fd4'), 'oom'),
('knaka', 'knaka', STRINGDECODE('\u4e2d\u5c71 \u822a\u8f14'), 'tky');

INSERT INTO PUBLIC.SUBJECT(SCHOOL_CD, CD, NAME) VALUES
('oom', 'B02', STRINGDECODE('\u6570\u5b66')),
('oom', 'A02', STRINGDECODE('\u56fd\u8a9e')),
('oom', 'D02', STRINGDECODE('\u7406\u79d1')),
('oom', 'E02', STRINGDECODE('\u60c5\u5831\u51e6\u7406\u57fa\u790e\u77e5\u8b58\u2160')),
('oom', 'C02', STRINGDECODE('\u82f1\u8a9e\u30b3\u30df\u30e5\u30cb\u30b1\u30fc\u30b7\u30e7\u30f3\u6982\u8ad6')),
('oom', 'F02', STRINGDECODE('Java\u30d5\u30ec\u30fc\u30e0\u30ef\u30fc\u30af')),
('oom', 'G02', 'Git'),
('oom', 'H02', 'H2'),
('oom', 'I02', STRINGDECODE('ID\u7ba1\u7406\u8853')),
('oom', 'J02', STRINGDECODE('Java\u30b7\u30b9\u30c6\u30e0\u958b\u767a')),
('oom', 'A01', 'AWS'),
('oom', 'B01', 'Bean'),
('oom', 'C01', STRINGDECODE('C\u8a00\u8a9e')),
('oom', 'D01', 'DB'),
('oom', 'E01', STRINGDECODE('\u30a8\u30e9\u30fc\u5bfe\u51e6\u8853')),
('oom', 'F01', 'Flutter'),
('oom', 'G01', STRINGDECODE('Go\u8a00\u8a9e')),
('oom', 'H01', STRINGDECODE('\u30cf\u30fc\u30c9\u30a6\u30a8\u30a2')),
('oom', 'I01', STRINGDECODE('IT\u6982\u8ad6')),
('oom', 'J01', STRINGDECODE('Java\u57fa\u790e')),
('tky', '1', STRINGDECODE('\u79d1\u76ee1')),
('tky', '2', STRINGDECODE('\u79d1\u76ee2')),
('tky', '3', STRINGDECODE('\u79d1\u76ee3')),
('tky', '4', STRINGDECODE('\u79d1\u76ee4')),
('tky', '5', STRINGDECODE('\u79d1\u76ee5'));

INSERT INTO PUBLIC.TEST(STUDENT_NO, SUBJECT_CD, SCHOOL_CD, NO, POINT, CLASS_NUM) VALUES
('2125001', 'B02', 'oom', 2, 80, '201'),
('2125001', 'D02', 'oom', 1, 27, '201'),
('2125002', 'B02', 'oom', 2, 55, '201'),
('2125002', 'D02', 'oom', 1, 26, '201'),
('2125003', 'B02', 'oom', 2, 36, '201'),
('2125003', 'D02', 'oom', 1, 23, '201'),
('2125004', 'B02', 'oom', 2, 89, '201'),
('2125004', 'D02', 'oom', 1, 9, '201'),
('2125005', 'B02', 'oom', 2, 87, '201'),
('2125005', 'D02', 'oom', 1, 41, '201'),
('2125006', 'B02', 'oom', 2, 53, '201'),
('2125006', 'D02', 'oom', 1, 22, '201'),
('2125007', 'B02', 'oom', 2, 23, '201'),
('2125007', 'D02', 'oom', 1, 62, '201'),
('2125008', 'B02', 'oom', 2, 99, '201'),
('2125008', 'D02', 'oom', 1, 64, '201'),
('2125009', 'B02', 'oom', 2, 54, '201'),
('2125009', 'D02', 'oom', 1, 81, '201'),
('2125010', 'B02', 'oom', 2, 34, '201'),
('2125010', 'D02', 'oom', 1, 79, '201'),
('2125011', 'B02', 'oom', 2, 22, '201'),
('2125011', 'D02', 'oom', 1, 66, '201'),
('2125012', 'B02', 'oom', 2, 22, '201'),
('2125012', 'D02', 'oom', 1, 59, '201'),
('2125013', 'B02', 'oom', 2, 17, '201'),
('2125013', 'D02', 'oom', 1, 25, '201'),
('2125014', 'B02', 'oom', 2, 69, '201'),
('2125014', 'D02', 'oom', 1, 95, '201'),
('2125015', 'B02', 'oom', 2, 30, '201'),
('2125015', 'D02', 'oom', 1, 33, '201'),
('2125016', 'B02', 'oom', 2, 67, '201'),
('2125016', 'D02', 'oom', 1, 13, '201'),
('2125017', 'B02', 'oom', 2, 74, '201'),
('2125017', 'D02', 'oom', 1, 58, '201'),
('2125018', 'B02', 'oom', 2, 55, '201'),
('2125018', 'D02', 'oom', 1, 62, '201'),
('2125019', 'B02', 'oom', 2, 44, '201'),
('2125019', 'D02', 'oom', 1, 27, '201'),
('2125020', 'B02', 'oom', 2, 21, '201'),
('2125020', 'D02', 'oom', 1, 29, '201'),
('2125021', 'B02', 'oom', 2, 36, '201'),
('2125021', 'D02', 'oom', 1, 72, '201'),
('2125022', 'B02', 'oom', 2, 10, '201'),
('2125022', 'D02', 'oom', 1, 14, '201'),
('2125023', 'B02', 'oom', 2, 68, '201'),
('2125023', 'D02', 'oom', 1, 50, '201'),
('2125024', 'B02', 'oom', 2, 85, '201'),
('2125024', 'D02', 'oom', 1, 12, '201'),
('2125025', 'B02', 'oom', 2, 47, '201'),
('2125025', 'D02', 'oom', 1, 38, '201'),
('2125026', 'B02', 'oom', 2, 82, '201'),
('2125026', 'D02', 'oom', 1, 76, '201'),
('2125027', 'B02', 'oom', 2, 65, '201'),
('2125027', 'D02', 'oom', 1, 98, '201'),
('2125028', 'B02', 'oom', 2, 45, '201'),
('2125028', 'D02', 'oom', 1, 33, '201'),
('2125029', 'B02', 'oom', 2, 52, '201'),
('2125029', 'D02', 'oom', 1, 30, '201'),
('2125030', 'B02', 'oom', 2, 52, '201'),
('2125030', 'D02', 'oom', 1, 85, '201'),
('2125001', 'A01', 'oom', 1, 1, '201'),
('2125002', 'A01', 'oom', 1, 2, '201'),
('2125003', 'A01', 'oom', 1, 3, '201'),
('2125004', 'A01', 'oom', 1, 4, '201'),
('2125005', 'A01', 'oom', 1, 5, '201'),
('2125006', 'A01', 'oom', 1, 6, '201'),
('2125007', 'A01', 'oom', 1, 7, '201'),
('2125008', 'A01', 'oom', 1, 8, '201'),
('2125009', 'A01', 'oom', 1, 9, '201'),
('2125010', 'A01', 'oom', 1, 10, '201'),
('2125011', 'A01', 'oom', 1, 11, '201'),
('2125012', 'A01', 'oom', 1, 12, '201'),
('2125013', 'A01', 'oom', 1, 13, '201'),
('2125014', 'A01', 'oom', 1, 14, '201'),
('2125015', 'A01', 'oom', 1, 15, '201'),
('2125016', 'A01', 'oom', 1, 16, '201'),
('2125017', 'A01', 'oom', 1, 17, '201'),
('2125018', 'A01', 'oom', 1, 18, '201'),
('2125019', 'A01', 'oom', 1, 19, '201'),
('2125020', 'A01', 'oom', 1, 20, '201'),
('2125021', 'A01', 'oom', 1, 21, '201'),
('2125022', 'A01', 'oom', 1, 22, '201'),
('2125023', 'A01', 'oom', 1, 23, '201'),
('2125024', 'A01', 'oom', 1, 24, '201'),
('2125025', 'A01', 'oom', 1, 25, '201'),
('2125026', 'A01', 'oom', 1, 26, '201'),
('2125027', 'A01', 'oom', 1, 27, '201'),
('2125028', 'A01', 'oom', 1, 28, '201'),
('2125029', 'A01', 'oom', 1, 29, '201'),
('2125030', 'A01', 'oom', 1, 30, '201'),
('2125001', 'A01', 'oom', 2, 100, '201'),
('2125002', 'A01', 'oom', 2, 99, '201'),
('2125003', 'A01', 'oom', 2, 98, '201'),
('2125004', 'A01', 'oom', 2, 97, '201'),
('2125005', 'A01', 'oom', 2, 96, '201'),
('2125006', 'A01', 'oom', 2, 95, '201'),
('2125007', 'A01', 'oom', 2, 94, '201'),
('2125008', 'A01', 'oom', 2, 93, '201'),
('2125009', 'A01', 'oom', 2, 92, '201');

INSERT INTO PUBLIC.TEST(STUDENT_NO, SUBJECT_CD, SCHOOL_CD, NO, POINT, CLASS_NUM) VALUES
('2125010', 'A01', 'oom', 2, 91, '201'),
('2125011', 'A01', 'oom', 2, 90, '201'),
('2125012', 'A01', 'oom', 2, 89, '201'),
('2125013', 'A01', 'oom', 2, 88, '201'),
('2125014', 'A01', 'oom', 2, 87, '201'),
('2125015', 'A01', 'oom', 2, 86, '201'),
('2125016', 'A01', 'oom', 2, 85, '201'),
('2125017', 'A01', 'oom', 2, 84, '201'),
('2125018', 'A01', 'oom', 2, 83, '201'),
('2125019', 'A01', 'oom', 2, 82, '201'),
('2125020', 'A01', 'oom', 2, 81, '201'),
('2125021', 'A01', 'oom', 2, 80, '201'),
('2125022', 'A01', 'oom', 2, 79, '201'),
('2125023', 'A01', 'oom', 2, 78, '201'),
('2125024', 'A01', 'oom', 2, 77, '201'),
('2125025', 'A01', 'oom', 2, 76, '201'),
('2125026', 'A01', 'oom', 2, 75, '201'),
('2125027', 'A01', 'oom', 2, 74, '201'),
('2125028', 'A01', 'oom', 2, 73, '201'),
('2125029', 'A01', 'oom', 2, 72, '201'),
('2125030', 'A01', 'oom', 2, 71, '201'),
('2125001', 'A02', 'oom', 1, 38, '201'),
('2125002', 'A02', 'oom', 1, 73, '201'),
('2125003', 'A02', 'oom', 1, 2, '201'),
('2125004', 'A02', 'oom', 1, 58, '201'),
('2125005', 'A02', 'oom', 1, 71, '201'),
('2125006', 'A02', 'oom', 1, 54, '201'),
('2125007', 'A02', 'oom', 1, 20, '201'),
('2125008', 'A02', 'oom', 1, 16, '201'),
('2125009', 'A02', 'oom', 1, 16, '201'),
('2125010', 'A02', 'oom', 1, 95, '201'),
('2125011', 'A02', 'oom', 1, 13, '201'),
('2125012', 'A02', 'oom', 1, 62, '201'),
('2125013', 'A02', 'oom', 1, 6, '201'),
('2125014', 'A02', 'oom', 1, 78, '201'),
('2125015', 'A02', 'oom', 1, 37, '201'),
('2125016', 'A02', 'oom', 1, 44, '201'),
('2125017', 'A02', 'oom', 1, 72, '201'),
('2125018', 'A02', 'oom', 1, 100, '201'),
('2125019', 'A02', 'oom', 1, 59, '201'),
('2125020', 'A02', 'oom', 1, 68, '201'),
('2125021', 'A02', 'oom', 1, 38, '201'),
('2125022', 'A02', 'oom', 1, 87, '201'),
('2125023', 'A02', 'oom', 1, 47, '201'),
('2125024', 'A02', 'oom', 1, 48, '201'),
('2125025', 'A02', 'oom', 1, 35, '201'),
('2125026', 'A02', 'oom', 1, 34, '201'),
('2125027', 'A02', 'oom', 1, 88, '201'),
('2125028', 'A02', 'oom', 1, 92, '201'),
('2125029', 'A02', 'oom', 1, 15, '201'),
('2125030', 'A02', 'oom', 1, 67, '201'),
('2125001', 'A02', 'oom', 2, 24, '201'),
('2125002', 'A02', 'oom', 2, 64, '201'),
('2125003', 'A02', 'oom', 2, 38, '201'),
('2125004', 'A02', 'oom', 2, 85, '201'),
('2125005', 'A02', 'oom', 2, 83, '201'),
('2125006', 'A02', 'oom', 2, 78, '201'),
('2125007', 'A02', 'oom', 2, 0, '201'),
('2125008', 'A02', 'oom', 2, 67, '201'),
('2125009', 'A02', 'oom', 2, 29, '201'),
('2125010', 'A02', 'oom', 2, 70, '201'),
('2125011', 'A02', 'oom', 2, 39, '201'),
('2125012', 'A02', 'oom', 2, 35, '201'),
('2125013', 'A02', 'oom', 2, 37, '201'),
('2125014', 'A02', 'oom', 2, 56, '201'),
('2125015', 'A02', 'oom', 2, 44, '201'),
('2125016', 'A02', 'oom', 2, 80, '201'),
('2125017', 'A02', 'oom', 2, 50, '201'),
('2125018', 'A02', 'oom', 2, 79, '201'),
('2125019', 'A02', 'oom', 2, 38, '201'),
('2125020', 'A02', 'oom', 2, 38, '201'),
('2125021', 'A02', 'oom', 2, 5, '201'),
('2125022', 'A02', 'oom', 2, 55, '201'),
('2125023', 'A02', 'oom', 2, 1, '201'),
('2125024', 'A02', 'oom', 2, 2, '201'),
('2125025', 'A02', 'oom', 2, 40, '201'),
('2125026', 'A02', 'oom', 2, 46, '201'),
('2125027', 'A02', 'oom', 2, 95, '201'),
('2125028', 'A02', 'oom', 2, 15, '201'),
('2125029', 'A02', 'oom', 2, 14, '201'),
('2125030', 'A02', 'oom', 2, 54, '201'),
('2125001', 'B01', 'oom', 1, 94, '201'),
('2125002', 'B01', 'oom', 1, 93, '201'),
('2125003', 'B01', 'oom', 1, 29, '201'),
('2125004', 'B01', 'oom', 1, 49, '201'),
('2125005', 'B01', 'oom', 1, 50, '201'),
('2125006', 'B01', 'oom', 1, 21, '201'),
('2125007', 'B01', 'oom', 1, 35, '201'),
('2125008', 'B01', 'oom', 1, 69, '201'),
('2125009', 'B01', 'oom', 1, 92, '201'),
('2125010', 'B01', 'oom', 1, 39, '201'),
('2125011', 'B01', 'oom', 1, 45, '201'),
('2125012', 'B01', 'oom', 1, 69, '201'),
('2125013', 'B01', 'oom', 1, 79, '201'),
('2125014', 'B01', 'oom', 1, 20, '201'),
('2125015', 'B01', 'oom', 1, 49, '201'),
('2125016', 'B01', 'oom', 1, 57, '201'),
('2125017', 'B01', 'oom', 1, 29, '201');

INSERT INTO PUBLIC.TEST(STUDENT_NO, SUBJECT_CD, SCHOOL_CD, NO, POINT, CLASS_NUM) VALUES
('2125018', 'B01', 'oom', 1, 58, '201'),
('2125019', 'B01', 'oom', 1, 37, '201'),
('2125020', 'B01', 'oom', 1, 95, '201'),
('2125021', 'B01', 'oom', 1, 83, '201'),
('2125022', 'B01', 'oom', 1, 83, '201'),
('2125023', 'B01', 'oom', 1, 12, '201'),
('2125024', 'B01', 'oom', 1, 14, '201'),
('2125025', 'B01', 'oom', 1, 16, '201'),
('2125026', 'B01', 'oom', 1, 98, '201'),
('2125027', 'B01', 'oom', 1, 98, '201'),
('2125028', 'B01', 'oom', 1, 94, '201'),
('2125029', 'B01', 'oom', 1, 83, '201'),
('2125030', 'B01', 'oom', 1, 28, '201'),
('2125001', 'B01', 'oom', 2, 49, '201'),
('2125002', 'B01', 'oom', 2, 96, '201'),
('2125003', 'B01', 'oom', 2, 39, '201'),
('2125004', 'B01', 'oom', 2, 20, '201'),
('2125005', 'B01', 'oom', 2, 40, '201'),
('2125006', 'B01', 'oom', 2, 68, '201'),
('2125007', 'B01', 'oom', 2, 86, '201'),
('2125008', 'B01', 'oom', 2, 59, '201'),
('2125009', 'B01', 'oom', 2, 95, '201'),
('2125010', 'B01', 'oom', 2, 94, '201'),
('2125011', 'B01', 'oom', 2, 49, '201'),
('2125012', 'B01', 'oom', 2, 20, '201'),
('2125013', 'B01', 'oom', 2, 40, '201'),
('2125014', 'B01', 'oom', 2, 58, '201'),
('2125015', 'B01', 'oom', 2, 68, '201'),
('2125016', 'B01', 'oom', 2, 89, '201'),
('2125017', 'B01', 'oom', 2, 98, '201'),
('2125018', 'B01', 'oom', 2, 98, '201'),
('2125019', 'B01', 'oom', 2, 92, '201'),
('2125020', 'B01', 'oom', 2, 48, '201'),
('2125021', 'B01', 'oom', 2, 85, '201'),
('2125022', 'B01', 'oom', 2, 12, '201'),
('2125023', 'B01', 'oom', 2, 49, '201'),
('2125024', 'B01', 'oom', 2, 95, '201'),
('2125025', 'B01', 'oom', 2, 38, '201'),
('2125026', 'B01', 'oom', 2, 57, '201'),
('2125027', 'B01', 'oom', 2, 82, '201'),
('2125028', 'B01', 'oom', 2, 91, '201'),
('2125029', 'B01', 'oom', 2, 98, '201'),
('2125030', 'B01', 'oom', 2, 84, '201'),
('2125001', 'B02', 'oom', 1, 64, '201'),
('2125002', 'B02', 'oom', 1, 20, '201'),
('2125003', 'B02', 'oom', 1, 47, '201'),
('2125004', 'B02', 'oom', 1, 99, '201'),
('2125005', 'B02', 'oom', 1, 59, '201'),
('2125006', 'B02', 'oom', 1, 77, '201'),
('2125007', 'B02', 'oom', 1, 36, '201'),
('2125008', 'B02', 'oom', 1, 87, '201'),
('2125009', 'B02', 'oom', 1, 18, '201'),
('2125010', 'B02', 'oom', 1, 80, '201'),
('2125011', 'B02', 'oom', 1, 66, '201'),
('2125012', 'B02', 'oom', 1, 76, '201'),
('2125013', 'B02', 'oom', 1, 84, '201'),
('2125014', 'B02', 'oom', 1, 50, '201'),
('2125015', 'B02', 'oom', 1, 3, '201'),
('2125016', 'B02', 'oom', 1, 9, '201'),
('2125017', 'B02', 'oom', 1, 89, '201'),
('2125018', 'B02', 'oom', 1, 22, '201'),
('2125019', 'B02', 'oom', 1, 19, '201'),
('2125020', 'B02', 'oom', 1, 3, '201'),
('2125021', 'B02', 'oom', 1, 23, '201'),
('2125022', 'B02', 'oom', 1, 67, '201'),
('2125023', 'B02', 'oom', 1, 78, '201'),
('2125024', 'B02', 'oom', 1, 52, '201'),
('2125025', 'B02', 'oom', 1, 19, '201'),
('2125026', 'B02', 'oom', 1, 90, '201'),
('2125027', 'B02', 'oom', 1, 2, '201'),
('2125028', 'B02', 'oom', 1, 42, '201'),
('2125029', 'B02', 'oom', 1, 78, '201'),
('2125030', 'B02', 'oom', 1, 68, '201'),
('2125001', 'C01', 'oom', 1, 84, '201'),
('2125002', 'C01', 'oom', 1, 85, '201'),
('2125003', 'C01', 'oom', 1, 28, '201'),
('2125004', 'C01', 'oom', 1, 94, '201'),
('2125005', 'C01', 'oom', 1, 29, '201'),
('2125006', 'C01', 'oom', 1, 49, '201'),
('2125007', 'C01', 'oom', 1, 85, '201'),
('2125008', 'C01', 'oom', 1, 83, '201'),
('2125009', 'C01', 'oom', 1, 92, '201'),
('2125010', 'C01', 'oom', 1, 91, '201'),
('2125011', 'C01', 'oom', 1, 83, '201'),
('2125012', 'C01', 'oom', 1, 84, '201'),
('2125013', 'C01', 'oom', 1, 82, '201'),
('2125014', 'C01', 'oom', 1, 91, '201'),
('2125015', 'C01', 'oom', 1, 99, '201'),
('2125016', 'C01', 'oom', 1, 98, '201'),
('2125017', 'C01', 'oom', 1, 84, '201'),
('2125018', 'C01', 'oom', 1, 81, '201'),
('2125019', 'C01', 'oom', 1, 88, '201'),
('2125020', 'C01', 'oom', 1, 87, '201'),
('2125021', 'C01', 'oom', 1, 84, '201'),
('2125022', 'C01', 'oom', 1, 73, '201'),
('2125023', 'C01', 'oom', 1, 7, '201'),
('2125024', 'C01', 'oom', 1, 29, '201'),
('2125025', 'C01', 'oom', 1, 49, '201');

INSERT INTO PUBLIC.TEST(STUDENT_NO, SUBJECT_CD, SCHOOL_CD, NO, POINT, CLASS_NUM) VALUES
('2125026', 'C01', 'oom', 1, 59, '201'),
('2125027', 'C01', 'oom', 1, 38, '201'),
('2125028', 'C01', 'oom', 1, 37, '201'),
('2125029', 'C01', 'oom', 1, 29, '201'),
('2125030', 'C01', 'oom', 1, 40, '201'),
('2125001', 'C01', 'oom', 2, 84, '201'),
('2125002', 'C01', 'oom', 2, 85, '201'),
('2125003', 'C01', 'oom', 2, 83, '201'),
('2125004', 'C01', 'oom', 2, 82, '201'),
('2125005', 'C01', 'oom', 2, 91, '201'),
('2125006', 'C01', 'oom', 2, 92, '201'),
('2125007', 'C01', 'oom', 2, 92, '201'),
('2125008', 'C01', 'oom', 2, 94, '201'),
('2125009', 'C01', 'oom', 2, 94, '201'),
('2125010', 'C01', 'oom', 2, 59, '201'),
('2125011', 'C01', 'oom', 2, 69, '201'),
('2125012', 'C01', 'oom', 2, 19, '201'),
('2125013', 'C01', 'oom', 2, 29, '201'),
('2125014', 'C01', 'oom', 2, 48, '201'),
('2125015', 'C01', 'oom', 2, 84, '201'),
('2125016', 'C01', 'oom', 2, 83, '201'),
('2125017', 'C01', 'oom', 2, 82, '201'),
('2125018', 'C01', 'oom', 2, 91, '201'),
('2125019', 'C01', 'oom', 2, 93, '201'),
('2125020', 'C01', 'oom', 2, 93, '201'),
('2125021', 'C01', 'oom', 2, 82, '201'),
('2125022', 'C01', 'oom', 2, 75, '201'),
('2125023', 'C01', 'oom', 2, 93, '201'),
('2125024', 'C01', 'oom', 2, 83, '201'),
('2125025', 'C01', 'oom', 2, 73, '201'),
('2125026', 'C01', 'oom', 2, 74, '201'),
('2125027', 'C01', 'oom', 2, 85, '201'),
('2125028', 'C01', 'oom', 2, 95, '201'),
('2125029', 'C01', 'oom', 2, 93, '201'),
('2125030', 'C01', 'oom', 2, 74, '201'),
('2125001', 'C02', 'oom', 1, 11, '201'),
('2125002', 'C02', 'oom', 1, 34, '201'),
('2125003', 'C02', 'oom', 1, 10, '201'),
('2125004', 'C02', 'oom', 1, 91, '201'),
('2125005', 'C02', 'oom', 1, 36, '201'),
('2125006', 'C02', 'oom', 1, 53, '201'),
('2125007', 'C02', 'oom', 1, 59, '201'),
('2125008', 'C02', 'oom', 1, 68, '201'),
('2125009', 'C02', 'oom', 1, 54, '201'),
('2125010', 'C02', 'oom', 1, 43, '201'),
('2125011', 'C02', 'oom', 1, 3, '201'),
('2125012', 'C02', 'oom', 1, 29, '201'),
('2125013', 'C02', 'oom', 1, 86, '201'),
('2125014', 'C02', 'oom', 1, 30, '201'),
('2125015', 'C02', 'oom', 1, 74, '201'),
('2125016', 'C02', 'oom', 1, 16, '201'),
('2125017', 'C02', 'oom', 1, 78, '201'),
('2125018', 'C02', 'oom', 1, 97, '201'),
('2125019', 'C02', 'oom', 1, 99, '201'),
('2125020', 'C02', 'oom', 1, 45, '201'),
('2125021', 'C02', 'oom', 1, 33, '201'),
('2125022', 'C02', 'oom', 1, 72, '201'),
('2125023', 'C02', 'oom', 1, 11, '201'),
('2125024', 'C02', 'oom', 1, 44, '201'),
('2125025', 'C02', 'oom', 1, 2, '201'),
('2125026', 'C02', 'oom', 1, 50, '201'),
('2125027', 'C02', 'oom', 1, 60, '201'),
('2125028', 'C02', 'oom', 1, 24, '201'),
('2125029', 'C02', 'oom', 1, 10, '201'),
('2125030', 'C02', 'oom', 1, 39, '201'),
('2125001', 'C02', 'oom', 2, 59, '201'),
('2125002', 'C02', 'oom', 2, 87, '201'),
('2125003', 'C02', 'oom', 2, 94, '201'),
('2125004', 'C02', 'oom', 2, 85, '201'),
('2125005', 'C02', 'oom', 2, 2, '201'),
('2125006', 'C02', 'oom', 2, 31, '201'),
('2125007', 'C02', 'oom', 2, 66, '201'),
('2125008', 'C02', 'oom', 2, 82, '201'),
('2125009', 'C02', 'oom', 2, 37, '201'),
('2125010', 'C02', 'oom', 2, 91, '201'),
('2125011', 'C02', 'oom', 2, 75, '201'),
('2125012', 'C02', 'oom', 2, 28, '201'),
('2125013', 'C02', 'oom', 2, 19, '201'),
('2125014', 'C02', 'oom', 2, 66, '201'),
('2125015', 'C02', 'oom', 2, 44, '201'),
('2125016', 'C02', 'oom', 2, 83, '201'),
('2125017', 'C02', 'oom', 2, 46, '201'),
('2125018', 'C02', 'oom', 2, 75, '201'),
('2125019', 'C02', 'oom', 2, 9, '201'),
('2125020', 'C02', 'oom', 2, 24, '201'),
('2125021', 'C02', 'oom', 2, 70, '201'),
('2125022', 'C02', 'oom', 2, 4, '201'),
('2125023', 'C02', 'oom', 2, 25, '201'),
('2125024', 'C02', 'oom', 2, 80, '201'),
('2125025', 'C02', 'oom', 2, 47, '201'),
('2125026', 'C02', 'oom', 2, 66, '201'),
('2125027', 'C02', 'oom', 2, 96, '201'),
('2125028', 'C02', 'oom', 2, 87, '201'),
('2125029', 'C02', 'oom', 2, 20, '201'),
('2125030', 'C02', 'oom', 2, 78, '201'),
('2125001', 'D01', 'oom', 1, 1, '201'),
('2125002', 'D01', 'oom', 1, 99, '201'),
('2125003', 'D01', 'oom', 1, 2, '201');

INSERT INTO PUBLIC.TEST(STUDENT_NO, SUBJECT_CD, SCHOOL_CD, NO, POINT, CLASS_NUM) VALUES
('2125004', 'D01', 'oom', 1, 3, '201'),
('2125005', 'D01', 'oom', 1, 4, '201'),
('2125006', 'D01', 'oom', 1, 5, '201'),
('2125007', 'D01', 'oom', 1, 6, '201'),
('2125008', 'D01', 'oom', 1, 7, '201'),
('2125009', 'D01', 'oom', 1, 8, '201'),
('2125010', 'D01', 'oom', 1, 9, '201'),
('2125011', 'D01', 'oom', 1, 10, '201'),
('2125012', 'D01', 'oom', 1, 11, '201'),
('2125013', 'D01', 'oom', 1, 13, '201'),
('2125014', 'D01', 'oom', 1, 14, '201'),
('2125015', 'D01', 'oom', 1, 15, '201'),
('2125016', 'D01', 'oom', 1, 17, '201'),
('2125017', 'D01', 'oom', 1, 92, '201'),
('2125018', 'D01', 'oom', 1, 48, '201'),
('2125019', 'D01', 'oom', 1, 82, '201'),
('2125020', 'D01', 'oom', 1, 84, '201'),
('2125021', 'D01', 'oom', 1, 39, '201'),
('2125022', 'D01', 'oom', 1, 40, '201'),
('2125023', 'D01', 'oom', 1, 23, '201'),
('2125024', 'D01', 'oom', 1, 12, '201'),
('2125025', 'D01', 'oom', 1, 11, '201'),
('2125026', 'D01', 'oom', 1, 2, '201'),
('2125027', 'D01', 'oom', 1, 3, '201'),
('2125028', 'D01', 'oom', 1, 4, '201'),
('2125029', 'D01', 'oom', 1, 5, '201'),
('2125030', 'D01', 'oom', 1, 6, '201'),
('2125001', 'D01', 'oom', 2, 1, '201'),
('2125002', 'D01', 'oom', 2, 2, '201'),
('2125003', 'D01', 'oom', 2, 3, '201'),
('2125004', 'D01', 'oom', 2, 4, '201'),
('2125005', 'D01', 'oom', 2, 5, '201'),
('2125006', 'D01', 'oom', 2, 6, '201'),
('2125007', 'D01', 'oom', 2, 7, '201'),
('2125008', 'D01', 'oom', 2, 8, '201'),
('2125009', 'D01', 'oom', 2, 9, '201'),
('2125010', 'D01', 'oom', 2, 1, '201'),
('2125011', 'D01', 'oom', 2, 2, '201'),
('2125012', 'D01', 'oom', 2, 3, '201'),
('2125013', 'D01', 'oom', 2, 4, '201'),
('2125014', 'D01', 'oom', 2, 5, '201'),
('2125015', 'D01', 'oom', 2, 6, '201'),
('2125016', 'D01', 'oom', 2, 7, '201'),
('2125017', 'D01', 'oom', 2, 8, '201'),
('2125018', 'D01', 'oom', 2, 9, '201'),
('2125019', 'D01', 'oom', 2, 1, '201'),
('2125020', 'D01', 'oom', 2, 2, '201'),
('2125021', 'D01', 'oom', 2, 3, '201'),
('2125022', 'D01', 'oom', 2, 4, '201'),
('2125023', 'D01', 'oom', 2, 5, '201'),
('2125024', 'D01', 'oom', 2, 6, '201'),
('2125025', 'D01', 'oom', 2, 7, '201'),
('2125026', 'D01', 'oom', 2, 8, '201'),
('2125027', 'D01', 'oom', 2, 9, '201'),
('2125028', 'D01', 'oom', 2, 12, '201'),
('2125029', 'D01', 'oom', 2, 34, '201'),
('2125030', 'D01', 'oom', 2, 56, '201'),
('2125001', 'D02', 'oom', 2, 56, '201'),
('2125002', 'D02', 'oom', 2, 44, '201'),
('2125003', 'D02', 'oom', 2, 94, '201'),
('2125004', 'D02', 'oom', 2, 2, '201'),
('2125005', 'D02', 'oom', 2, 9, '201'),
('2125006', 'D02', 'oom', 2, 1, '201'),
('2125007', 'D02', 'oom', 2, 52, '201'),
('2125008', 'D02', 'oom', 2, 17, '201'),
('2125009', 'D02', 'oom', 2, 44, '201'),
('2125010', 'D02', 'oom', 2, 54, '201'),
('2125011', 'D02', 'oom', 2, 51, '201'),
('2125012', 'D02', 'oom', 2, 72, '201'),
('2125013', 'D02', 'oom', 2, 44, '201'),
('2125014', 'D02', 'oom', 2, 76, '201'),
('2125015', 'D02', 'oom', 2, 84, '201'),
('2125016', 'D02', 'oom', 2, 39, '201'),
('2125017', 'D02', 'oom', 2, 4, '201'),
('2125018', 'D02', 'oom', 2, 76, '201'),
('2125019', 'D02', 'oom', 2, 62, '201'),
('2125020', 'D02', 'oom', 2, 80, '201'),
('2125021', 'D02', 'oom', 2, 29, '201'),
('2125022', 'D02', 'oom', 2, 25, '201'),
('2125023', 'D02', 'oom', 2, 98, '201'),
('2125024', 'D02', 'oom', 2, 52, '201'),
('2125025', 'D02', 'oom', 2, 83, '201'),
('2125026', 'D02', 'oom', 2, 90, '201'),
('2125027', 'D02', 'oom', 2, 12, '201'),
('2125028', 'D02', 'oom', 2, 60, '201'),
('2125029', 'D02', 'oom', 2, 9, '201'),
('2125030', 'D02', 'oom', 2, 32, '201'),
('2125001', 'E01', 'oom', 1, 1, '201'),
('2125002', 'E01', 'oom', 1, 1, '201'),
('2125003', 'E01', 'oom', 1, 1, '201'),
('2125004', 'E01', 'oom', 1, 1, '201'),
('2125005', 'E01', 'oom', 1, 1, '201'),
('2125006', 'E01', 'oom', 1, 1, '201'),
('2125007', 'E01', 'oom', 1, 1, '201'),
('2125008', 'E01', 'oom', 1, 1, '201'),
('2125009', 'E01', 'oom', 1, 1, '201'),
('2125010', 'E01', 'oom', 1, 1, '201'),
('2125011', 'E01', 'oom', 1, 1, '201'),
('2125012', 'E01', 'oom', 1, 1, '201'),
('2125013', 'E01', 'oom', 1, 1, '201');

INSERT INTO PUBLIC.TEST(STUDENT_NO, SUBJECT_CD, SCHOOL_CD, NO, POINT, CLASS_NUM) VALUES
('2125014', 'E01', 'oom', 1, 1, '201'),
('2125015', 'E01', 'oom', 1, 1, '201'),
('2125016', 'E01', 'oom', 1, 1, '201'),
('2125017', 'E01', 'oom', 1, 1, '201'),
('2125018', 'E01', 'oom', 1, 1, '201'),
('2125019', 'E01', 'oom', 1, 1, '201'),
('2125020', 'E01', 'oom', 1, 1, '201'),
('2125021', 'E01', 'oom', 1, 1, '201'),
('2125022', 'E01', 'oom', 1, 1, '201'),
('2125023', 'E01', 'oom', 1, 1, '201'),
('2125024', 'E01', 'oom', 1, 99, '201'),
('2125025', 'E01', 'oom', 1, 1, '201'),
('2125026', 'E01', 'oom', 1, 1, '201'),
('2125027', 'E01', 'oom', 1, 1, '201'),
('2125028', 'E01', 'oom', 1, 1, '201'),
('2125029', 'E01', 'oom', 1, 1, '201'),
('2125030', 'E01', 'oom', 1, 1, '201'),
('2125001', 'E01', 'oom', 2, 4, '201'),
('2125002', 'E01', 'oom', 2, 2, '201'),
('2125003', 'E01', 'oom', 2, 4, '201'),
('2125004', 'E01', 'oom', 2, 5, '201'),
('2125005', 'E01', 'oom', 2, 2, '201'),
('2125006', 'E01', 'oom', 2, 6, '201'),
('2125007', 'E01', 'oom', 2, 2, '201'),
('2125008', 'E01', 'oom', 2, 45, '201'),
('2125009', 'E01', 'oom', 2, 3, '201'),
('2125010', 'E01', 'oom', 2, 2, '201'),
('2125011', 'E01', 'oom', 2, 1, '201'),
('2125012', 'E01', 'oom', 2, 2, '201'),
('2125013', 'E01', 'oom', 2, 3, '201'),
('2125014', 'E01', 'oom', 2, 4, '201'),
('2125015', 'E01', 'oom', 2, 5, '201'),
('2125016', 'E01', 'oom', 2, 6, '201'),
('2125017', 'E01', 'oom', 2, 3, '201'),
('2125018', 'E01', 'oom', 2, 5, '201'),
('2125019', 'E01', 'oom', 2, 6, '201'),
('2125020', 'E01', 'oom', 2, 7, '201'),
('2125021', 'E01', 'oom', 2, 3, '201'),
('2125022', 'E01', 'oom', 2, 2, '201'),
('2125023', 'E01', 'oom', 2, 1, '201'),
('2125024', 'E01', 'oom', 2, 98, '201'),
('2125025', 'E01', 'oom', 2, 1, '201'),
('2125026', 'E01', 'oom', 2, 4, '201'),
('2125027', 'E01', 'oom', 2, 6, '201'),
('2125028', 'E01', 'oom', 2, 78, '201'),
('2125029', 'E01', 'oom', 2, 8, '201'),
('2125030', 'E01', 'oom', 2, 9, '201'),
('2125001', 'E02', 'oom', 1, 10, '201'),
('2125002', 'E02', 'oom', 1, 79, '201'),
('2125003', 'E02', 'oom', 1, 33, '201'),
('2125004', 'E02', 'oom', 1, 89, '201'),
('2125005', 'E02', 'oom', 1, 5, '201'),
('2125006', 'E02', 'oom', 1, 45, '201'),
('2125007', 'E02', 'oom', 1, 98, '201'),
('2125008', 'E02', 'oom', 1, 53, '201'),
('2125009', 'E02', 'oom', 1, 47, '201'),
('2125010', 'E02', 'oom', 1, 54, '201'),
('2125011', 'E02', 'oom', 1, 58, '201'),
('2125012', 'E02', 'oom', 1, 71, '201'),
('2125013', 'E02', 'oom', 1, 80, '201'),
('2125014', 'E02', 'oom', 1, 2, '201'),
('2125015', 'E02', 'oom', 1, 98, '201'),
('2125016', 'E02', 'oom', 1, 65, '201'),
('2125017', 'E02', 'oom', 1, 1, '201'),
('2125018', 'E02', 'oom', 1, 68, '201'),
('2125019', 'E02', 'oom', 1, 79, '201'),
('2125020', 'E02', 'oom', 1, 68, '201'),
('2125021', 'E02', 'oom', 1, 50, '201'),
('2125022', 'E02', 'oom', 1, 45, '201'),
('2125023', 'E02', 'oom', 1, 64, '201'),
('2125024', 'E02', 'oom', 1, 55, '201'),
('2125025', 'E02', 'oom', 1, 37, '201'),
('2125026', 'E02', 'oom', 1, 91, '201'),
('2125027', 'E02', 'oom', 1, 63, '201'),
('2125028', 'E02', 'oom', 1, 50, '201'),
('2125029', 'E02', 'oom', 1, 52, '201'),
('2125030', 'E02', 'oom', 1, 7, '201'),
('2125001', 'E02', 'oom', 2, 98, '201'),
('2125002', 'E02', 'oom', 2, 98, '201'),
('2125003', 'E02', 'oom', 2, 93, '201'),
('2125004', 'E02', 'oom', 2, 94, '201'),
('2125005', 'E02', 'oom', 2, 85, '201'),
('2125006', 'E02', 'oom', 2, 82, '201'),
('2125007', 'E02', 'oom', 2, 93, '201'),
('2125008', 'E02', 'oom', 2, 4, '201'),
('2125009', 'E02', 'oom', 2, 95, '201'),
('2125010', 'E02', 'oom', 2, 83, '201'),
('2125011', 'E02', 'oom', 2, 74, '201'),
('2125012', 'E02', 'oom', 2, 26, '201'),
('2125013', 'E02', 'oom', 2, 27, '201'),
('2125014', 'E02', 'oom', 2, 85, '201'),
('2125015', 'E02', 'oom', 2, 73, '201'),
('2125016', 'E02', 'oom', 2, 82, '201'),
('2125017', 'E02', 'oom', 2, 75, '201'),
('2125018', 'E02', 'oom', 2, 77, '201'),
('2125019', 'E02', 'oom', 2, 78, '201'),
('2125020', 'E02', 'oom', 2, 89, '201'),
('2125021', 'E02', 'oom', 2, 87, '201'),
('2125022', 'E02', 'oom', 2, 82, '201');

INSERT INTO PUBLIC.TEST(STUDENT_NO, SUBJECT_CD, SCHOOL_CD, NO, POINT, CLASS_NUM) VALUES
('2125023', 'E02', 'oom', 2, 19, '201'),
('2125024', 'E02', 'oom', 2, 48, '201'),
('2125025', 'E02', 'oom', 2, 68, '201'),
('2125026', 'E02', 'oom', 2, 47, '201'),
('2125027', 'E02', 'oom', 2, 78, '201'),
('2125028', 'E02', 'oom', 2, 79, '201'),
('2125029', 'E02', 'oom', 2, 39, '201'),
('2125030', 'E02', 'oom', 2, 58, '201'),
('2125001', 'F01', 'oom', 1, 49, '201'),
('2125002', 'F01', 'oom', 1, 96, '201'),
('2125003', 'F01', 'oom', 1, 2, '201'),
('2125004', 'F01', 'oom', 1, 95, '201'),
('2125005', 'F01', 'oom', 1, 39, '201'),
('2125006', 'F01', 'oom', 1, 49, '201'),
('2125007', 'F01', 'oom', 1, 85, '201'),
('2125008', 'F01', 'oom', 1, 78, '201'),
('2125009', 'F01', 'oom', 1, 29, '201'),
('2125010', 'F01', 'oom', 1, 39, '201'),
('2125011', 'F01', 'oom', 1, 59, '201'),
('2125012', 'F01', 'oom', 1, 64, '201'),
('2125013', 'F01', 'oom', 1, 35, '201'),
('2125014', 'F01', 'oom', 1, 69, '201'),
('2125015', 'F01', 'oom', 1, 84, '201'),
('2125016', 'F01', 'oom', 1, 85, '201'),
('2125017', 'F01', 'oom', 1, 82, '201'),
('2125018', 'F01', 'oom', 1, 92, '201'),
('2125019', 'F01', 'oom', 1, 94, '201'),
('2125020', 'F01', 'oom', 1, 19, '201'),
('2125021', 'F01', 'oom', 1, 58, '201'),
('2125022', 'F01', 'oom', 1, 67, '201'),
('2125023', 'F01', 'oom', 1, 89, '201'),
('2125024', 'F01', 'oom', 1, 99, '201'),
('2125025', 'F01', 'oom', 1, 23, '201'),
('2125026', 'F01', 'oom', 1, 59, '201'),
('2125027', 'F01', 'oom', 1, 68, '201'),
('2125028', 'F01', 'oom', 1, 48, '201'),
('2125029', 'F01', 'oom', 1, 69, '201'),
('2125030', 'F01', 'oom', 1, 23, '201'),
('2125001', 'F01', 'oom', 2, 3, '201'),
('2125002', 'F01', 'oom', 2, 4, '201'),
('2125003', 'F01', 'oom', 2, 5, '201'),
('2125004', 'F01', 'oom', 2, 6, '201'),
('2125005', 'F01', 'oom', 2, 7, '201'),
('2125006', 'F01', 'oom', 2, 1, '201'),
('2125007', 'F01', 'oom', 2, 3, '201'),
('2125008', 'F01', 'oom', 2, 5, '201'),
('2125009', 'F01', 'oom', 2, 6, '201'),
('2125010', 'F01', 'oom', 2, 23, '201'),
('2125011', 'F01', 'oom', 2, 6, '201'),
('2125012', 'F01', 'oom', 2, 8, '201'),
('2125013', 'F01', 'oom', 2, 32, '201'),
('2125014', 'F01', 'oom', 2, 5, '201'),
('2125015', 'F01', 'oom', 2, 7, '201'),
('2125016', 'F01', 'oom', 2, 3, '201'),
('2125017', 'F01', 'oom', 2, 2, '201'),
('2125018', 'F01', 'oom', 2, 34, '201'),
('2125019', 'F01', 'oom', 2, 5, '201'),
('2125020', 'F01', 'oom', 2, 7, '201'),
('2125021', 'F01', 'oom', 2, 4, '201'),
('2125022', 'F01', 'oom', 2, 67, '201'),
('2125023', 'F01', 'oom', 2, 8, '201'),
('2125024', 'F01', 'oom', 2, 2, '201'),
('2125025', 'F01', 'oom', 2, 3, '201'),
('2125026', 'F01', 'oom', 2, 5, '201'),
('2125027', 'F01', 'oom', 2, 7, '201'),
('2125028', 'F01', 'oom', 2, 8, '201'),
('2125029', 'F01', 'oom', 2, 9, '201'),
('2125030', 'F01', 'oom', 2, 23, '201'),
('2125001', 'F02', 'oom', 1, 4, '201'),
('2125002', 'F02', 'oom', 1, 6, '201'),
('2125003', 'F02', 'oom', 1, 3, '201'),
('2125004', 'F02', 'oom', 1, 4, '201'),
('2125005', 'F02', 'oom', 1, 3, '201'),
('2125006', 'F02', 'oom', 1, 2, '201'),
('2125007', 'F02', 'oom', 1, 3, '201'),
('2125008', 'F02', 'oom', 1, 5, '201'),
('2125009', 'F02', 'oom', 1, 34, '201'),
('2125010', 'F02', 'oom', 1, 5, '201'),
('2125011', 'F02', 'oom', 1, 6, '201'),
('2125012', 'F02', 'oom', 1, 7, '201'),
('2125013', 'F02', 'oom', 1, 2, '201'),
('2125014', 'F02', 'oom', 1, 3, '201'),
('2125015', 'F02', 'oom', 1, 9, '201'),
('2125016', 'F02', 'oom', 1, 5, '201'),
('2125017', 'F02', 'oom', 1, 8, '201'),
('2125018', 'F02', 'oom', 1, 86, '201'),
('2125019', 'F02', 'oom', 1, 39, '201'),
('2125020', 'F02', 'oom', 1, 2, '201'),
('2125021', 'F02', 'oom', 1, 3, '201'),
('2125022', 'F02', 'oom', 1, 4, '201'),
('2125023', 'F02', 'oom', 1, 5, '201'),
('2125024', 'F02', 'oom', 1, 6, '201'),
('2125025', 'F02', 'oom', 1, 7, '201'),
('2125026', 'F02', 'oom', 1, 2, '201'),
('2125027', 'F02', 'oom', 1, 34, '201'),
('2125028', 'F02', 'oom', 1, 5, '201'),
('2125029', 'F02', 'oom', 1, 6, '201'),
('2125030', 'F02', 'oom', 1, 7, '201'),
('2125001', 'F02', 'oom', 2, 85, '201'),
('2125002', 'F02', 'oom', 2, 93, '201');

INSERT INTO PUBLIC.TEST(STUDENT_NO, SUBJECT_CD, SCHOOL_CD, NO, POINT, CLASS_NUM) VALUES
('2125003', 'F02', 'oom', 2, 85, '201'),
('2125004', 'F02', 'oom', 2, 48, '201'),
('2125005', 'F02', 'oom', 2, 23, '201'),
('2125006', 'F02', 'oom', 2, 85, '201'),
('2125007', 'F02', 'oom', 2, 96, '201'),
('2125008', 'F02', 'oom', 2, 23, '201'),
('2125009', 'F02', 'oom', 2, 95, '201'),
('2125010', 'F02', 'oom', 2, 84, '201'),
('2125011', 'F02', 'oom', 2, 85, '201'),
('2125012', 'F02', 'oom', 2, 93, '201'),
('2125013', 'F02', 'oom', 2, 92, '201'),
('2125014', 'F02', 'oom', 2, 92, '201'),
('2125015', 'F02', 'oom', 2, 48, '201'),
('2125016', 'F02', 'oom', 2, 68, '201'),
('2125017', 'F02', 'oom', 2, 96, '201'),
('2125018', 'F02', 'oom', 2, 98, '201'),
('2125019', 'F02', 'oom', 2, 88, '201'),
('2125020', 'F02', 'oom', 2, 83, '201'),
('2125021', 'F02', 'oom', 2, 82, '201'),
('2125022', 'F02', 'oom', 2, 91, '201'),
('2125023', 'F02', 'oom', 2, 90, '201'),
('2125024', 'F02', 'oom', 2, 99, '201'),
('2125025', 'F02', 'oom', 2, 48, '201'),
('2125026', 'F02', 'oom', 2, 41, '201'),
('2125027', 'F02', 'oom', 2, 95, '201'),
('2125028', 'F02', 'oom', 2, 14, '201'),
('2125029', 'F02', 'oom', 2, 92, '201'),
('2125030', 'F02', 'oom', 2, 82, '201'),
('2125001', 'G01', 'oom', 1, 1, '201'),
('2125002', 'G01', 'oom', 1, 1, '201'),
('2125003', 'G01', 'oom', 1, 1, '201'),
('2125004', 'G01', 'oom', 1, 1, '201'),
('2125005', 'G01', 'oom', 1, 1, '201'),
('2125006', 'G01', 'oom', 1, 1, '201'),
('2125007', 'G01', 'oom', 1, 1, '201'),
('2125008', 'G01', 'oom', 1, 1, '201'),
('2125009', 'G01', 'oom', 1, 1, '201'),
('2125010', 'G01', 'oom', 1, 1, '201'),
('2125011', 'G01', 'oom', 1, 1, '201'),
('2125012', 'G01', 'oom', 1, 1, '201'),
('2125013', 'G01', 'oom', 1, 1, '201'),
('2125014', 'G01', 'oom', 1, 1, '201'),
('2125015', 'G01', 'oom', 1, 1, '201'),
('2125016', 'G01', 'oom', 1, 1, '201'),
('2125017', 'G01', 'oom', 1, 1, '201'),
('2125018', 'G01', 'oom', 1, 1, '201'),
('2125019', 'G01', 'oom', 1, 1, '201'),
('2125020', 'G01', 'oom', 1, 1, '201'),
('2125021', 'G01', 'oom', 1, 1, '201'),
('2125022', 'G01', 'oom', 1, 1, '201'),
('2125023', 'G01', 'oom', 1, 1, '201'),
('2125024', 'G01', 'oom', 1, 1, '201'),
('2125025', 'G01', 'oom', 1, 1, '201'),
('2125026', 'G01', 'oom', 1, 1, '201'),
('2125027', 'G01', 'oom', 1, 1, '201'),
('2125028', 'G01', 'oom', 1, 1, '201'),
('2125029', 'G01', 'oom', 1, 1, '201'),
('2125030', 'G01', 'oom', 1, 1, '201'),
('2125001', 'G01', 'oom', 2, 5, '201'),
('2125002', 'G01', 'oom', 2, 45, '201'),
('2125003', 'G01', 'oom', 2, 3, '201'),
('2125004', 'G01', 'oom', 2, 5, '201'),
('2125005', 'G01', 'oom', 2, 6, '201'),
('2125006', 'G01', 'oom', 2, 3, '201'),
('2125007', 'G01', 'oom', 2, 3, '201'),
('2125008', 'G01', 'oom', 2, 1, '201'),
('2125009', 'G01', 'oom', 2, 34, '201'),
('2125010', 'G01', 'oom', 2, 5, '201'),
('2125011', 'G01', 'oom', 2, 6, '201'),
('2125012', 'G01', 'oom', 2, 7, '201'),
('2125013', 'G01', 'oom', 2, 3, '201'),
('2125014', 'G01', 'oom', 2, 32, '201'),
('2125015', 'G01', 'oom', 2, 5, '201'),
('2125016', 'G01', 'oom', 2, 6, '201'),
('2125017', 'G01', 'oom', 2, 7, '201'),
('2125018', 'G01', 'oom', 2, 7, '201'),
('2125019', 'G01', 'oom', 2, 8, '201'),
('2125020', 'G01', 'oom', 2, 23, '201'),
('2125021', 'G01', 'oom', 2, 4, '201'),
('2125022', 'G01', 'oom', 2, 64, '201'),
('2125023', 'G01', 'oom', 2, 5, '201'),
('2125024', 'G01', 'oom', 2, 67, '201'),
('2125025', 'G01', 'oom', 2, 5, '201'),
('2125026', 'G01', 'oom', 2, 4, '201'),
('2125027', 'G01', 'oom', 2, 2, '201'),
('2125028', 'G01', 'oom', 2, 2, '201'),
('2125029', 'G01', 'oom', 2, 35, '201'),
('2125030', 'G01', 'oom', 2, 5, '201'),
('2125001', 'G02', 'oom', 1, 59, '201'),
('2125002', 'G02', 'oom', 1, 4, '201'),
('2125003', 'G02', 'oom', 1, 94, '201'),
('2125004', 'G02', 'oom', 1, 3, '201'),
('2125005', 'G02', 'oom', 1, 39, '201'),
('2125006', 'G02', 'oom', 1, 1, '201'),
('2125007', 'G02', 'oom', 1, 9, '201'),
('2125008', 'G02', 'oom', 1, 9, '201'),
('2125009', 'G02', 'oom', 1, 9, '201'),
('2125010', 'G02', 'oom', 1, 9, '201'),
('2125011', 'G02', 'oom', 1, 99, '201'),
('2125012', 'G02', 'oom', 1, 9, '201');

INSERT INTO PUBLIC.TEST(STUDENT_NO, SUBJECT_CD, SCHOOL_CD, NO, POINT, CLASS_NUM) VALUES
('2125013', 'G02', 'oom', 1, 9, '201'),
('2125014', 'G02', 'oom', 1, 9, '201'),
('2125015', 'G02', 'oom', 1, 9, '201'),
('2125016', 'G02', 'oom', 1, 9, '201'),
('2125017', 'G02', 'oom', 1, 9, '201'),
('2125018', 'G02', 'oom', 1, 6, '201'),
('2125019', 'G02', 'oom', 1, 9, '201'),
('2125020', 'G02', 'oom', 1, 9, '201'),
('2125021', 'G02', 'oom', 1, 9, '201'),
('2125022', 'G02', 'oom', 1, 9, '201'),
('2125023', 'G02', 'oom', 1, 9, '201'),
('2125024', 'G02', 'oom', 1, 9, '201'),
('2125025', 'G02', 'oom', 1, 9, '201'),
('2125026', 'G02', 'oom', 1, 9, '201'),
('2125027', 'G02', 'oom', 1, 9, '201'),
('2125028', 'G02', 'oom', 1, 9, '201'),
('2125029', 'G02', 'oom', 1, 9, '201'),
('2125030', 'G02', 'oom', 1, 9, '201'),
('2125001', 'G02', 'oom', 2, 58, '201'),
('2125002', 'G02', 'oom', 2, 8, '201'),
('2125003', 'G02', 'oom', 2, 8, '201'),
('2125004', 'G02', 'oom', 2, 38, '201'),
('2125005', 'G02', 'oom', 2, 56, '201'),
('2125006', 'G02', 'oom', 2, 8, '201'),
('2125007', 'G02', 'oom', 2, 8, '201'),
('2125008', 'G02', 'oom', 2, 8, '201'),
('2125009', 'G02', 'oom', 2, 8, '201'),
('2125010', 'G02', 'oom', 2, 8, '201'),
('2125011', 'G02', 'oom', 2, 8, '201'),
('2125012', 'G02', 'oom', 2, 8, '201'),
('2125013', 'G02', 'oom', 2, 8, '201'),
('2125014', 'G02', 'oom', 2, 8, '201'),
('2125015', 'G02', 'oom', 2, 8, '201'),
('2125016', 'G02', 'oom', 2, 8, '201'),
('2125017', 'G02', 'oom', 2, 8, '201'),
('2125018', 'G02', 'oom', 2, 8, '201'),
('2125019', 'G02', 'oom', 2, 8, '201'),
('2125020', 'G02', 'oom', 2, 8, '201'),
('2125021', 'G02', 'oom', 2, 8, '201'),
('2125022', 'G02', 'oom', 2, 8, '201'),
('2125023', 'G02', 'oom', 2, 8, '201'),
('2125024', 'G02', 'oom', 2, 8, '201'),
('2125025', 'G02', 'oom', 2, 8, '201'),
('2125026', 'G02', 'oom', 2, 8, '201'),
('2125027', 'G02', 'oom', 2, 8, '201'),
('2125028', 'G02', 'oom', 2, 8, '201'),
('2125029', 'G02', 'oom', 2, 8, '201'),
('2125030', 'G02', 'oom', 2, 8, '201'),
('2125001', 'H01', 'oom', 1, 5, '201'),
('2125002', 'H01', 'oom', 1, 93, '201'),
('2125003', 'H01', 'oom', 1, 85, '201'),
('2125004', 'H01', 'oom', 1, 83, '201'),
('2125005', 'H01', 'oom', 1, 92, '201'),
('2125006', 'H01', 'oom', 1, 91, '201'),
('2125007', 'H01', 'oom', 1, 92, '201'),
('2125008', 'H01', 'oom', 1, 84, '201'),
('2125009', 'H01', 'oom', 1, 84, '201'),
('2125010', 'H01', 'oom', 1, 6, '201'),
('2125011', 'H01', 'oom', 1, 6, '201'),
('2125012', 'H01', 'oom', 1, 3, '201'),
('2125013', 'H01', 'oom', 1, 6, '201'),
('2125014', 'H01', 'oom', 1, 3, '201'),
('2125015', 'H01', 'oom', 1, 2, '201'),
('2125016', 'H01', 'oom', 1, 2, '201'),
('2125017', 'H01', 'oom', 1, 1, '201'),
('2125018', 'H01', 'oom', 1, 1, '201'),
('2125019', 'H01', 'oom', 1, 1, '201'),
('2125020', 'H01', 'oom', 1, 3, '201'),
('2125021', 'H01', 'oom', 1, 4, '201'),
('2125022', 'H01', 'oom', 1, 5, '201'),
('2125023', 'H01', 'oom', 1, 56, '201'),
('2125024', 'H01', 'oom', 1, 6, '201'),
('2125025', 'H01', 'oom', 1, 7, '201'),
('2125026', 'H01', 'oom', 1, 5, '201'),
('2125027', 'H01', 'oom', 1, 3, '201'),
('2125028', 'H01', 'oom', 1, 3, '201'),
('2125029', 'H01', 'oom', 1, 2, '201'),
('2125030', 'H01', 'oom', 1, 5, '201'),
('2125001', 'H01', 'oom', 2, 2, '201'),
('2125002', 'H01', 'oom', 2, 3, '201'),
('2125003', 'H01', 'oom', 2, 4, '201'),
('2125004', 'H01', 'oom', 2, 5, '201'),
('2125005', 'H01', 'oom', 2, 6, '201'),
('2125006', 'H01', 'oom', 2, 6, '201'),
('2125007', 'H01', 'oom', 2, 7, '201'),
('2125008', 'H01', 'oom', 2, 8, '201'),
('2125009', 'H01', 'oom', 2, 9, '201'),
('2125010', 'H01', 'oom', 2, 2, '201'),
('2125011', 'H01', 'oom', 2, 9, '201'),
('2125012', 'H01', 'oom', 2, 58, '201'),
('2125013', 'H01', 'oom', 2, 68, '201'),
('2125014', 'H01', 'oom', 2, 29, '201'),
('2125015', 'H01', 'oom', 2, 4, '201'),
('2125016', 'H01', 'oom', 2, 2, '201'),
('2125017', 'H01', 'oom', 2, 1, '201'),
('2125018', 'H01', 'oom', 2, 3, '201'),
('2125019', 'H01', 'oom', 2, 3, '201'),
('2125020', 'H01', 'oom', 2, 5, '201'),
('2125021', 'H01', 'oom', 2, 67, '201'),
('2125022', 'H01', 'oom', 2, 7, '201');

INSERT INTO PUBLIC.TEST(STUDENT_NO, SUBJECT_CD, SCHOOL_CD, NO, POINT, CLASS_NUM) VALUES
('2125023', 'H01', 'oom', 2, 4, '201'),
('2125024', 'H01', 'oom', 2, 3, '201'),
('2125025', 'H01', 'oom', 2, 2, '201'),
('2125026', 'H01', 'oom', 2, 1, '201'),
('2125027', 'H01', 'oom', 2, 3, '201'),
('2125028', 'H01', 'oom', 2, 4, '201'),
('2125029', 'H01', 'oom', 2, 6, '201'),
('2125030', 'H01', 'oom', 2, 7, '201'),
('2125001', 'H02', 'oom', 1, 46, '201'),
('2125002', 'H02', 'oom', 1, 7, '201'),
('2125003', 'H02', 'oom', 1, 3, '201'),
('2125004', 'H02', 'oom', 1, 3, '201'),
('2125005', 'H02', 'oom', 1, 2, '201'),
('2125006', 'H02', 'oom', 1, 1, '201'),
('2125007', 'H02', 'oom', 1, 5, '201'),
('2125008', 'H02', 'oom', 1, 1, '201'),
('2125009', 'H02', 'oom', 1, 4, '201'),
('2125010', 'H02', 'oom', 1, 6, '201'),
('2125011', 'H02', 'oom', 1, 76, '201'),
('2125012', 'H02', 'oom', 1, 7, '201'),
('2125013', 'H02', 'oom', 1, 5, '201'),
('2125014', 'H02', 'oom', 1, 4, '201'),
('2125015', 'H02', 'oom', 1, 3, '201'),
('2125016', 'H02', 'oom', 1, 2, '201'),
('2125017', 'H02', 'oom', 1, 3, '201'),
('2125018', 'H02', 'oom', 1, 6, '201'),
('2125019', 'H02', 'oom', 1, 6, '201'),
('2125020', 'H02', 'oom', 1, 4, '201'),
('2125021', 'H02', 'oom', 1, 46, '201'),
('2125022', 'H02', 'oom', 1, 7, '201'),
('2125023', 'H02', 'oom', 1, 8, '201'),
('2125024', 'H02', 'oom', 1, 6, '201'),
('2125025', 'H02', 'oom', 1, 56, '201'),
('2125026', 'H02', 'oom', 1, 4, '201'),
('2125027', 'H02', 'oom', 1, 3, '201'),
('2125028', 'H02', 'oom', 1, 23, '201'),
('2125029', 'H02', 'oom', 1, 3, '201'),
('2125030', 'H02', 'oom', 1, 5, '201'),
('2125001', 'H02', 'oom', 2, 4, '201'),
('2125002', 'H02', 'oom', 2, 5, '201'),
('2125003', 'H02', 'oom', 2, 6, '201'),
('2125004', 'H02', 'oom', 2, 67, '201'),
('2125005', 'H02', 'oom', 2, 8, '201'),
('2125006', 'H02', 'oom', 2, 3, '201'),
('2125007', 'H02', 'oom', 2, 2, '201'),
('2125008', 'H02', 'oom', 2, 3, '201'),
('2125009', 'H02', 'oom', 2, 4, '201'),
('2125010', 'H02', 'oom', 2, 5, '201'),
('2125011', 'H02', 'oom', 2, 6, '201'),
('2125012', 'H02', 'oom', 2, 7, '201'),
('2125013', 'H02', 'oom', 2, 8, '201'),
('2125014', 'H02', 'oom', 2, 9, '201'),
('2125015', 'H02', 'oom', 2, 3, '201'),
('2125016', 'H02', 'oom', 2, 2, '201'),
('2125017', 'H02', 'oom', 2, 3, '201'),
('2125018', 'H02', 'oom', 2, 4, '201'),
('2125019', 'H02', 'oom', 2, 56, '201'),
('2125020', 'H02', 'oom', 2, 67, '201'),
('2125021', 'H02', 'oom', 2, 8, '201'),
('2125022', 'H02', 'oom', 2, 5, '201'),
('2125023', 'H02', 'oom', 2, 3, '201'),
('2125024', 'H02', 'oom', 2, 3, '201'),
('2125025', 'H02', 'oom', 2, 2, '201'),
('2125026', 'H02', 'oom', 2, 1, '201'),
('2125027', 'H02', 'oom', 2, 3, '201'),
('2125028', 'H02', 'oom', 2, 34, '201'),
('2125029', 'H02', 'oom', 2, 5, '201'),
('2125030', 'H02', 'oom', 2, 6, '201'),
('2125001', 'I01', 'oom', 1, 4, '201'),
('2125002', 'I01', 'oom', 1, 5, '201'),
('2125003', 'I01', 'oom', 1, 5, '201'),
('2125004', 'I01', 'oom', 1, 76, '201'),
('2125005', 'I01', 'oom', 1, 7, '201'),
('2125006', 'I01', 'oom', 1, 3, '201'),
('2125007', 'I01', 'oom', 1, 32, '201'),
('2125008', 'I01', 'oom', 1, 32, '201'),
('2125009', 'I01', 'oom', 1, 4, '201'),
('2125010', 'I01', 'oom', 1, 4, '201'),
('2125011', 'I01', 'oom', 1, 56, '201'),
('2125012', 'I01', 'oom', 1, 6, '201'),
('2125013', 'I01', 'oom', 1, 6, '201'),
('2125014', 'I01', 'oom', 1, 7, '201'),
('2125015', 'I01', 'oom', 1, 7, '201'),
('2125016', 'I01', 'oom', 1, 8, '201'),
('2125017', 'I01', 'oom', 1, 4, '201'),
('2125018', 'I01', 'oom', 1, 3, '201'),
('2125019', 'I01', 'oom', 1, 2, '201'),
('2125020', 'I01', 'oom', 1, 2, '201'),
('2125021', 'I01', 'oom', 1, 1, '201'),
('2125022', 'I01', 'oom', 1, 1, '201'),
('2125023', 'I01', 'oom', 1, 1, '201'),
('2125024', 'I01', 'oom', 1, 2, '201'),
('2125025', 'I01', 'oom', 1, 3, '201'),
('2125026', 'I01', 'oom', 1, 3, '201'),
('2125027', 'I01', 'oom', 1, 4, '201'),
('2125028', 'I01', 'oom', 1, 4, '201'),
('2125029', 'I01', 'oom', 1, 56, '201'),
('2125030', 'I01', 'oom', 1, 6, '201'),
('2125001', 'I01', 'oom', 2, 4, '201'),
('2125002', 'I01', 'oom', 2, 6, '201');

INSERT INTO PUBLIC.TEST(STUDENT_NO, SUBJECT_CD, SCHOOL_CD, NO, POINT, CLASS_NUM) VALUES
('2125003', 'I01', 'oom', 2, 3, '201'),
('2125004', 'I01', 'oom', 2, 3, '201'),
('2125005', 'I01', 'oom', 2, 3, '201'),
('2125006', 'I01', 'oom', 2, 5, '201'),
('2125007', 'I01', 'oom', 2, 6, '201'),
('2125008', 'I01', 'oom', 2, 7, '201'),
('2125009', 'I01', 'oom', 2, 87, '201'),
('2125010', 'I01', 'oom', 2, 4, '201'),
('2125011', 'I01', 'oom', 2, 3, '201'),
('2125012', 'I01', 'oom', 2, 32, '201'),
('2125013', 'I01', 'oom', 2, 12, '201'),
('2125014', 'I01', 'oom', 2, 2, '201'),
('2125015', 'I01', 'oom', 2, 3, '201'),
('2125016', 'I01', 'oom', 2, 45, '201'),
('2125017', 'I01', 'oom', 2, 6, '201'),
('2125018', 'I01', 'oom', 2, 6, '201'),
('2125019', 'I01', 'oom', 2, 7, '201'),
('2125020', 'I01', 'oom', 2, 4, '201'),
('2125021', 'I01', 'oom', 2, 4, '201'),
('2125022', 'I01', 'oom', 2, 3, '201'),
('2125023', 'I01', 'oom', 2, 2, '201'),
('2125024', 'I01', 'oom', 2, 6, '201'),
('2125025', 'I01', 'oom', 2, 7, '201'),
('2125026', 'I01', 'oom', 2, 87, '201'),
('2125027', 'I01', 'oom', 2, 8, '201'),
('2125028', 'I01', 'oom', 2, 6, '201'),
('2125029', 'I01', 'oom', 2, 5, '201'),
('2125030', 'I01', 'oom', 2, 3, '201'),
('2125001', 'I02', 'oom', 1, 4, '201'),
('2125002', 'I02', 'oom', 1, 5, '201'),
('2125003', 'I02', 'oom', 1, 5, '201'),
('2125004', 'I02', 'oom', 1, 6, '201'),
('2125005', 'I02', 'oom', 1, 6, '201'),
('2125006', 'I02', 'oom', 1, 7, '201'),
('2125007', 'I02', 'oom', 1, 7, '201'),
('2125008', 'I02', 'oom', 1, 8, '201'),
('2125009', 'I02', 'oom', 1, 8, '201'),
('2125010', 'I02', 'oom', 1, 3, '201'),
('2125011', 'I02', 'oom', 1, 5, '201'),
('2125012', 'I02', 'oom', 1, 2, '201'),
('2125013', 'I02', 'oom', 1, 2, '201'),
('2125014', 'I02', 'oom', 1, 3, '201'),
('2125015', 'I02', 'oom', 1, 45, '201'),
('2125016', 'I02', 'oom', 1, 5, '201'),
('2125017', 'I02', 'oom', 1, 5, '201'),
('2125018', 'I02', 'oom', 1, 6, '201'),
('2125019', 'I02', 'oom', 1, 6, '201'),
('2125020', 'I02', 'oom', 1, 67, '201'),
('2125021', 'I02', 'oom', 1, 7, '201'),
('2125022', 'I02', 'oom', 1, 4, '201'),
('2125023', 'I02', 'oom', 1, 43, '201'),
('2125024', 'I02', 'oom', 1, 43, '201'),
('2125025', 'I02', 'oom', 1, 32, '201'),
('2125026', 'I02', 'oom', 1, 32, '201'),
('2125027', 'I02', 'oom', 1, 4, '201'),
('2125028', 'I02', 'oom', 1, 5, '201'),
('2125029', 'I02', 'oom', 1, 56, '201'),
('2125030', 'I02', 'oom', 1, 6, '201'),
('2125001', 'I02', 'oom', 2, 4, '201'),
('2125002', 'I02', 'oom', 2, 50, '201'),
('2125003', 'I02', 'oom', 2, 28, '201'),
('2125004', 'I02', 'oom', 2, 94, '201'),
('2125005', 'I02', 'oom', 2, 58, '201'),
('2125006', 'I02', 'oom', 2, 29, '201'),
('2125007', 'I02', 'oom', 2, 94, '201'),
('2125008', 'I02', 'oom', 2, 82, '201'),
('2125009', 'I02', 'oom', 2, 81, '201'),
('2125010', 'I02', 'oom', 2, 2, '201'),
('2125011', 'I02', 'oom', 2, 83, '201'),
('2125012', 'I02', 'oom', 2, 48, '201'),
('2125013', 'I02', 'oom', 2, 58, '201'),
('2125014', 'I02', 'oom', 2, 28, '201'),
('2125015', 'I02', 'oom', 2, 12, '201'),
('2125016', 'I02', 'oom', 2, 3, '201'),
('2125017', 'I02', 'oom', 2, 5, '201'),
('2125018', 'I02', 'oom', 2, 5, '201'),
('2125019', 'I02', 'oom', 2, 6, '201'),
('2125020', 'I02', 'oom', 2, 1, '201'),
('2125021', 'I02', 'oom', 2, 23, '201'),
('2125022', 'I02', 'oom', 2, 3, '201'),
('2125023', 'I02', 'oom', 2, 4, '201'),
('2125024', 'I02', 'oom', 2, 4, '201'),
('2125025', 'I02', 'oom', 2, 5, '201'),
('2125026', 'I02', 'oom', 2, 6, '201'),
('2125027', 'I02', 'oom', 2, 7, '201'),
('2125028', 'I02', 'oom', 2, 8, '201'),
('2125029', 'I02', 'oom', 2, 9, '201'),
('2125030', 'I02', 'oom', 2, 39, '201'),
('2125001', 'J01', 'oom', 1, 9, '201'),
('2125002', 'J01', 'oom', 1, 9, '201'),
('2125003', 'J01', 'oom', 1, 9, '201'),
('2125004', 'J01', 'oom', 1, 9, '201'),
('2125005', 'J01', 'oom', 1, 9, '201'),
('2125006', 'J01', 'oom', 1, 9, '201'),
('2125007', 'J01', 'oom', 1, 9, '201'),
('2125008', 'J01', 'oom', 1, 9, '201'),
('2125009', 'J01', 'oom', 1, 9, '201'),
('2125010', 'J01', 'oom', 1, 9, '201'),
('2125011', 'J01', 'oom', 1, 9, '201'),
('2125012', 'J01', 'oom', 1, 9, '201');

INSERT INTO PUBLIC.TEST(STUDENT_NO, SUBJECT_CD, SCHOOL_CD, NO, POINT, CLASS_NUM) VALUES
('2125013', 'J01', 'oom', 1, 9, '201'),
('2125014', 'J01', 'oom', 1, 9, '201'),
('2125015', 'J01', 'oom', 1, 9, '201'),
('2125016', 'J01', 'oom', 1, 9, '201'),
('2125017', 'J01', 'oom', 1, 9, '201'),
('2125018', 'J01', 'oom', 1, 9, '201'),
('2125019', 'J01', 'oom', 1, 9, '201'),
('2125020', 'J01', 'oom', 1, 9, '201'),
('2125021', 'J01', 'oom', 1, 9, '201'),
('2125022', 'J01', 'oom', 1, 9, '201'),
('2125023', 'J01', 'oom', 1, 99, '201'),
('2125024', 'J01', 'oom', 1, 9, '201'),
('2125025', 'J01', 'oom', 1, 9, '201'),
('2125026', 'J01', 'oom', 1, 9, '201'),
('2125027', 'J01', 'oom', 1, 9, '201'),
('2125028', 'J01', 'oom', 1, 99, '201'),
('2125029', 'J01', 'oom', 1, 99, '201'),
('2125030', 'J01', 'oom', 1, 9, '201'),
('2125001', 'J01', 'oom', 2, 84, '201'),
('2125002', 'J01', 'oom', 2, 86, '201'),
('2125003', 'J01', 'oom', 2, 8, '201'),
('2125004', 'J01', 'oom', 2, 8, '201'),
('2125005', 'J01', 'oom', 2, 8, '201'),
('2125006', 'J01', 'oom', 2, 8, '201'),
('2125007', 'J01', 'oom', 2, 9, '201'),
('2125008', 'J01', 'oom', 2, 8, '201'),
('2125009', 'J01', 'oom', 2, 8, '201'),
('2125010', 'J01', 'oom', 2, 8, '201'),
('2125011', 'J01', 'oom', 2, 8, '201'),
('2125012', 'J01', 'oom', 2, 37, '201'),
('2125013', 'J01', 'oom', 2, 7, '201'),
('2125014', 'J01', 'oom', 2, 87, '201'),
('2125015', 'J01', 'oom', 2, 47, '201'),
('2125016', 'J01', 'oom', 2, 75, '201'),
('2125017', 'J01', 'oom', 2, 75, '201'),
('2125018', 'J01', 'oom', 2, 7, '201'),
('2125019', 'J01', 'oom', 2, 57, '201'),
('2125020', 'J01', 'oom', 2, 28, '201'),
('2125021', 'J01', 'oom', 2, 3, '201'),
('2125022', 'J01', 'oom', 2, 8, '201'),
('2125023', 'J01', 'oom', 2, 38, '201'),
('2125024', 'J01', 'oom', 2, 38, '201'),
('2125025', 'J01', 'oom', 2, 48, '201'),
('2125026', 'J01', 'oom', 2, 8, '201'),
('2125027', 'J01', 'oom', 2, 8, '201'),
('2125028', 'J01', 'oom', 2, 58, '201'),
('2125029', 'J01', 'oom', 2, 58, '201'),
('2125030', 'J01', 'oom', 2, 5, '201'),
('2125001', 'J02', 'oom', 1, 3, '201'),
('2125002', 'J02', 'oom', 1, 4, '201'),
('2125003', 'J02', 'oom', 1, 5, '201'),
('2125004', 'J02', 'oom', 1, 6, '201'),
('2125005', 'J02', 'oom', 1, 7, '201'),
('2125006', 'J02', 'oom', 1, 7, '201'),
('2125007', 'J02', 'oom', 1, 8, '201'),
('2125008', 'J02', 'oom', 1, 8, '201'),
('2125009', 'J02', 'oom', 1, 9, '201'),
('2125010', 'J02', 'oom', 1, 2, '201'),
('2125011', 'J02', 'oom', 1, 2, '201'),
('2125012', 'J02', 'oom', 1, 3, '201'),
('2125013', 'J02', 'oom', 1, 4, '201'),
('2125014', 'J02', 'oom', 1, 5, '201'),
('2125015', 'J02', 'oom', 1, 6, '201'),
('2125016', 'J02', 'oom', 1, 7, '201'),
('2125017', 'J02', 'oom', 1, 87, '201'),
('2125018', 'J02', 'oom', 1, 8, '201'),
('2125019', 'J02', 'oom', 1, 3, '201'),
('2125020', 'J02', 'oom', 1, 4, '201'),
('2125021', 'J02', 'oom', 1, 2, '201'),
('2125022', 'J02', 'oom', 1, 2, '201'),
('2125023', 'J02', 'oom', 1, 1, '201'),
('2125024', 'J02', 'oom', 1, 4, '201'),
('2125025', 'J02', 'oom', 1, 5, '201'),
('2125026', 'J02', 'oom', 1, 6, '201'),
('2125027', 'J02', 'oom', 1, 7, '201'),
('2125028', 'J02', 'oom', 1, 8, '201'),
('2125029', 'J02', 'oom', 1, 3, '201'),
('2125030', 'J02', 'oom', 1, 1, '201'),
('2125001', 'J02', 'oom', 2, 9, '201'),
('2125002', 'J02', 'oom', 2, 9, '201'),
('2125003', 'J02', 'oom', 2, 8, '201'),
('2125004', 'J02', 'oom', 2, 9, '201'),
('2125005', 'J02', 'oom', 2, 8, '201'),
('2125006', 'J02', 'oom', 2, 8, '201'),
('2125007', 'J02', 'oom', 2, 8, '201'),
('2125008', 'J02', 'oom', 2, 8, '201'),
('2125009', 'J02', 'oom', 2, 99, '201'),
('2125010', 'J02', 'oom', 2, 9, '201'),
('2125011', 'J02', 'oom', 2, 9, '201'),
('2125012', 'J02', 'oom', 2, 9, '201'),
('2125013', 'J02', 'oom', 2, 9, '201'),
('2125014', 'J02', 'oom', 2, 9, '201'),
('2125015', 'J02', 'oom', 2, 9, '201'),
('2125016', 'J02', 'oom', 2, 9, '201'),
('2125017', 'J02', 'oom', 2, 9, '201'),
('2125018', 'J02', 'oom', 2, 9, '201'),
('2125019', 'J02', 'oom', 2, 9, '201'),
('2125020', 'J02', 'oom', 2, 9, '201'),
('2125021', 'J02', 'oom', 2, 9, '201'),
('2125022', 'J02', 'oom', 2, 9, '201');

INSERT INTO PUBLIC.TEST(STUDENT_NO, SUBJECT_CD, SCHOOL_CD, NO, POINT, CLASS_NUM) VALUES
('2125023', 'J02', 'oom', 2, 9, '201'),
('2125024', 'J02', 'oom', 2, 8, '201'),
('2125025', 'J02', 'oom', 2, 8, '201'),
('2125026', 'J02', 'oom', 2, 8, '201'),
('2125027', 'J02', 'oom', 2, 8, '201'),
('2125028', 'J02', 'oom', 2, 8, '201'),
('2125029', 'J02', 'oom', 2, 8, '201'),
('2125030', 'J02', 'oom', 2, 9, '201'),
('2225001', 'A01', 'oom', 1, 1, '201'),
('2225002', 'A01', 'oom', 1, 2, '201'),
('2225003', 'A01', 'oom', 1, 2, '201'),
('2225004', 'A01', 'oom', 1, 3, '201'),
('2225005', 'A01', 'oom', 1, 43, '201'),
('2225006', 'A01', 'oom', 1, 45, '201'),
('2225007', 'A01', 'oom', 1, 5, '201'),
('2225008', 'A01', 'oom', 1, 6, '201'),
('2225009', 'A01', 'oom', 1, 7, '201'),
('2225010', 'A01', 'oom', 1, 78, '201'),
('2225011', 'A01', 'oom', 1, 7, '201'),
('2225012', 'A01', 'oom', 1, 4, '201'),
('2225013', 'A01', 'oom', 1, 4, '201'),
('2225014', 'A01', 'oom', 1, 3, '201'),
('2225015', 'A01', 'oom', 1, 43, '201'),
('2225016', 'A01', 'oom', 1, 2, '201'),
('2225017', 'A01', 'oom', 1, 23, '201'),
('2225018', 'A01', 'oom', 1, 4, '201'),
('2225019', 'A01', 'oom', 1, 5, '201'),
('2225020', 'A01', 'oom', 1, 5, '201'),
('2225021', 'A01', 'oom', 1, 6, '201'),
('2225022', 'A01', 'oom', 1, 7, '201'),
('2225023', 'A01', 'oom', 1, 8, '201'),
('2225024', 'A01', 'oom', 1, 3, '201'),
('2225025', 'A01', 'oom', 1, 5, '201'),
('2225026', 'A01', 'oom', 1, 6, '201'),
('2225027', 'A01', 'oom', 1, 7, '201'),
('2225028', 'A01', 'oom', 1, 8, '201'),
('2225029', 'A01', 'oom', 1, 4, '201'),
('2225030', 'A01', 'oom', 1, 5, '201'),
('2225001', 'A01', 'oom', 2, 4, '201'),
('2225002', 'A01', 'oom', 2, 5, '201'),
('2225003', 'A01', 'oom', 2, 5, '201'),
('2225004', 'A01', 'oom', 2, 6, '201'),
('2225005', 'A01', 'oom', 2, 2, '201'),
('2225006', 'A01', 'oom', 2, 3, '201'),
('2225007', 'A01', 'oom', 2, 5, '201'),
('2225008', 'A01', 'oom', 2, 56, '201'),
('2225009', 'A01', 'oom', 2, 67, '201'),
('2225010', 'A01', 'oom', 2, 7, '201'),
('2225011', 'A01', 'oom', 2, 3, '201'),
('2225012', 'A01', 'oom', 2, 53, '201'),
('2225013', 'A01', 'oom', 2, 5, '201'),
('2225014', 'A01', 'oom', 2, 6, '201'),
('2225015', 'A01', 'oom', 2, 7, '201'),
('2225016', 'A01', 'oom', 2, 4, '201'),
('2225017', 'A01', 'oom', 2, 3, '201'),
('2225018', 'A01', 'oom', 2, 3, '201'),
('2225019', 'A01', 'oom', 2, 2, '201'),
('2225020', 'A01', 'oom', 2, 59, '201'),
('2225021', 'A01', 'oom', 2, 5, '201'),
('2225022', 'A01', 'oom', 2, 6, '201'),
('2225023', 'A01', 'oom', 2, 4, '201'),
('2225024', 'A01', 'oom', 2, 3, '201'),
('2225025', 'A01', 'oom', 2, 2, '201'),
('2225026', 'A01', 'oom', 2, 34, '201'),
('2225027', 'A01', 'oom', 2, 5, '201'),
('2225028', 'A01', 'oom', 2, 6, '201'),
('2225029', 'A01', 'oom', 2, 7, '201'),
('2225030', 'A01', 'oom', 2, 8, '201'),
('2225001', 'A02', 'oom', 1, 94, '201'),
('2225002', 'A02', 'oom', 1, 58, '201'),
('2225003', 'A02', 'oom', 1, 49, '201'),
('2225004', 'A02', 'oom', 1, 39, '201'),
('2225005', 'A02', 'oom', 1, 49, '201'),
('2225006', 'A02', 'oom', 1, 68, '201'),
('2225007', 'A02', 'oom', 1, 28, '201'),
('2225008', 'A02', 'oom', 1, 3, '201'),
('2225009', 'A02', 'oom', 1, 1, '201'),
('2225010', 'A02', 'oom', 1, 2, '201'),
('2225011', 'A02', 'oom', 1, 3, '201'),
('2225012', 'A02', 'oom', 1, 3, '201'),
('2225013', 'A02', 'oom', 1, 4, '201'),
('2225014', 'A02', 'oom', 1, 5, '201'),
('2225015', 'A02', 'oom', 1, 6, '201'),
('2225016', 'A02', 'oom', 1, 7, '201'),
('2225017', 'A02', 'oom', 1, 8, '201'),
('2225018', 'A02', 'oom', 1, 5, '201'),
('2225019', 'A02', 'oom', 1, 4, '201'),
('2225020', 'A02', 'oom', 1, 3, '201'),
('2225021', 'A02', 'oom', 1, 2, '201'),
('2225022', 'A02', 'oom', 1, 3, '201'),
('2225023', 'A02', 'oom', 1, 6, '201'),
('2225024', 'A02', 'oom', 1, 8, '201'),
('2225025', 'A02', 'oom', 1, 9, '201'),
('2225026', 'A02', 'oom', 1, 5, '201'),
('2225027', 'A02', 'oom', 1, 4, '201'),
('2225028', 'A02', 'oom', 1, 3, '201'),
('2225029', 'A02', 'oom', 1, 2, '201'),
('2225030', 'A02', 'oom', 1, 3, '201'),
('2225001', 'A02', 'oom', 2, 3, '201'),
('2225002', 'A02', 'oom', 2, 4, '201');

INSERT INTO PUBLIC.TEST(STUDENT_NO, SUBJECT_CD, SCHOOL_CD, NO, POINT, CLASS_NUM) VALUES
('2225003', 'A02', 'oom', 2, 5, '201'),
('2225004', 'A02', 'oom', 2, 6, '201'),
('2225005', 'A02', 'oom', 2, 7, '201'),
('2225006', 'A02', 'oom', 2, 4, '201'),
('2225007', 'A02', 'oom', 2, 3, '201'),
('2225008', 'A02', 'oom', 2, 5, '201'),
('2225009', 'A02', 'oom', 2, 3, '201'),
('2225010', 'A02', 'oom', 2, 2, '201'),
('2225011', 'A02', 'oom', 2, 3, '201'),
('2225012', 'A02', 'oom', 2, 4, '201'),
('2225013', 'A02', 'oom', 2, 55, '201'),
('2225014', 'A02', 'oom', 2, 7, '201'),
('2225015', 'A02', 'oom', 2, 56, '201'),
('2225016', 'A02', 'oom', 2, 7, '201'),
('2225017', 'A02', 'oom', 2, 8, '201'),
('2225018', 'A02', 'oom', 2, 5, '201'),
('2225019', 'A02', 'oom', 2, 4, '201'),
('2225020', 'A02', 'oom', 2, 3, '201'),
('2225021', 'A02', 'oom', 2, 1, '201'),
('2225022', 'A02', 'oom', 2, 2, '201'),
('2225023', 'A02', 'oom', 2, 43, '201'),
('2225024', 'A02', 'oom', 2, 45, '201'),
('2225025', 'A02', 'oom', 2, 6, '201'),
('2225026', 'A02', 'oom', 2, 4, '201'),
('2225027', 'A02', 'oom', 2, 3, '201'),
('2225028', 'A02', 'oom', 2, 3, '201'),
('2225029', 'A02', 'oom', 2, 4, '201'),
('2225030', 'A02', 'oom', 2, 5, '201'),
('2225001', 'B01', 'oom', 1, 3, '201'),
('2225002', 'B01', 'oom', 1, 4, '201'),
('2225003', 'B01', 'oom', 1, 45, '201'),
('2225004', 'B01', 'oom', 1, 5, '201'),
('2225005', 'B01', 'oom', 1, 67, '201'),
('2225006', 'B01', 'oom', 1, 3, '201'),
('2225007', 'B01', 'oom', 1, 4, '201'),
('2225008', 'B01', 'oom', 1, 5, '201'),
('2225009', 'B01', 'oom', 1, 6, '201'),
('2225010', 'B01', 'oom', 1, 65, '201'),
('2225011', 'B01', 'oom', 1, 6, '201'),
('2225012', 'B01', 'oom', 1, 5, '201'),
('2225013', 'B01', 'oom', 1, 3, '201'),
('2225014', 'B01', 'oom', 1, 3, '201'),
('2225015', 'B01', 'oom', 1, 32, '201'),
('2225016', 'B01', 'oom', 1, 5, '201'),
('2225017', 'B01', 'oom', 1, 6, '201'),
('2225018', 'B01', 'oom', 1, 4, '201'),
('2225019', 'B01', 'oom', 1, 4, '201'),
('2225020', 'B01', 'oom', 1, 2, '201'),
('2225021', 'B01', 'oom', 1, 3, '201'),
('2225022', 'B01', 'oom', 1, 5, '201'),
('2225023', 'B01', 'oom', 1, 47, '201'),
('2225024', 'B01', 'oom', 1, 8, '201'),
('2225025', 'B01', 'oom', 1, 5, '201'),
('2225026', 'B01', 'oom', 1, 5, '201'),
('2225027', 'B01', 'oom', 1, 3, '201'),
('2225028', 'B01', 'oom', 1, 4, '201'),
('2225029', 'B01', 'oom', 1, 32, '201'),
('2225030', 'B01', 'oom', 1, 21, '201'),
('2225001', 'B01', 'oom', 2, 4, '201'),
('2225002', 'B01', 'oom', 2, 5, '201'),
('2225003', 'B01', 'oom', 2, 6, '201'),
('2225004', 'B01', 'oom', 2, 67, '201'),
('2225005', 'B01', 'oom', 2, 75, '201'),
('2225006', 'B01', 'oom', 2, 68, '201'),
('2225007', 'B01', 'oom', 2, 45, '201'),
('2225008', 'B01', 'oom', 2, 53, '201'),
('2225009', 'B01', 'oom', 2, 6, '201'),
('2225010', 'B01', 'oom', 2, 4, '201'),
('2225011', 'B01', 'oom', 2, 34, '201'),
('2225012', 'B01', 'oom', 2, 4, '201'),
('2225013', 'B01', 'oom', 2, 3, '201'),
('2225014', 'B01', 'oom', 2, 43, '201'),
('2225015', 'B01', 'oom', 2, 35, '201'),
('2225016', 'B01', 'oom', 2, 5, '201'),
('2225017', 'B01', 'oom', 2, 6, '201'),
('2225018', 'B01', 'oom', 2, 75, '201'),
('2225019', 'B01', 'oom', 2, 5, '201'),
('2225020', 'B01', 'oom', 2, 4, '201'),
('2225021', 'B01', 'oom', 2, 54, '201'),
('2225022', 'B01', 'oom', 2, 45, '201'),
('2225023', 'B01', 'oom', 2, 34, '201'),
('2225024', 'B01', 'oom', 2, 4, '201'),
('2225025', 'B01', 'oom', 2, 3, '201'),
('2225026', 'B01', 'oom', 2, 2, '201'),
('2225027', 'B01', 'oom', 2, 3, '201'),
('2225028', 'B01', 'oom', 2, 45, '201'),
('2225029', 'B01', 'oom', 2, 5, '201'),
('2225030', 'B01', 'oom', 2, 6, '201'),
('2225001', 'B02', 'oom', 1, 43, '201'),
('2225002', 'B02', 'oom', 1, 5, '201'),
('2225003', 'B02', 'oom', 1, 6, '201'),
('2225004', 'B02', 'oom', 1, 3, '201'),
('2225005', 'B02', 'oom', 1, 43, '201'),
('2225006', 'B02', 'oom', 1, 5, '201'),
('2225007', 'B02', 'oom', 1, 36, '201'),
('2225008', 'B02', 'oom', 1, 73, '201'),
('2225009', 'B02', 'oom', 1, 5, '201'),
('2225010', 'B02', 'oom', 1, 65, '201'),
('2225011', 'B02', 'oom', 1, 75, '201'),
('2225012', 'B02', 'oom', 1, 23, '201');

INSERT INTO PUBLIC.TEST(STUDENT_NO, SUBJECT_CD, SCHOOL_CD, NO, POINT, CLASS_NUM) VALUES
('2225013', 'B02', 'oom', 1, 53, '201'),
('2225014', 'B02', 'oom', 1, 24, '201'),
('2225015', 'B02', 'oom', 1, 6, '201'),
('2225016', 'B02', 'oom', 1, 57, '201'),
('2225017', 'B02', 'oom', 1, 8, '201'),
('2225018', 'B02', 'oom', 1, 87, '201'),
('2225019', 'B02', 'oom', 1, 5, '201'),
('2225020', 'B02', 'oom', 1, 65, '201'),
('2225021', 'B02', 'oom', 1, 43, '201'),
('2225022', 'B02', 'oom', 1, 45, '201'),
('2225023', 'B02', 'oom', 1, 23, '201'),
('2225024', 'B02', 'oom', 1, 45, '201'),
('2225025', 'B02', 'oom', 1, 76, '201'),
('2225026', 'B02', 'oom', 1, 7, '201'),
('2225027', 'B02', 'oom', 1, 8, '201'),
('2225028', 'B02', 'oom', 1, 89, '201'),
('2225029', 'B02', 'oom', 1, 8, '201'),
('2225030', 'B02', 'oom', 1, 67, '201'),
('2225001', 'B02', 'oom', 2, 53, '201'),
('2225002', 'B02', 'oom', 2, 4, '201'),
('2225003', 'B02', 'oom', 2, 5, '201'),
('2225004', 'B02', 'oom', 2, 5, '201'),
('2225005', 'B02', 'oom', 2, 6, '201'),
('2225006', 'B02', 'oom', 2, 7, '201'),
('2225007', 'B02', 'oom', 2, 78, '201'),
('2225008', 'B02', 'oom', 2, 65, '201'),
('2225009', 'B02', 'oom', 2, 86, '201'),
('2225010', 'B02', 'oom', 2, 76, '201'),
('2225011', 'B02', 'oom', 2, 54, '201'),
('2225012', 'B02', 'oom', 2, 4, '201'),
('2225013', 'B02', 'oom', 2, 34, '201'),
('2225014', 'B02', 'oom', 2, 54, '201'),
('2225015', 'B02', 'oom', 2, 34, '201'),
('2225016', 'B02', 'oom', 2, 34, '201'),
('2225017', 'B02', 'oom', 2, 5, '201'),
('2225018', 'B02', 'oom', 2, 6, '201'),
('2225019', 'B02', 'oom', 2, 7, '201'),
('2225020', 'B02', 'oom', 2, 5, '201'),
('2225021', 'B02', 'oom', 2, 43, '201'),
('2225022', 'B02', 'oom', 2, 34, '201'),
('2225023', 'B02', 'oom', 2, 45, '201'),
('2225024', 'B02', 'oom', 2, 54, '201'),
('2225025', 'B02', 'oom', 2, 6, '201'),
('2225026', 'B02', 'oom', 2, 75, '201'),
('2225027', 'B02', 'oom', 2, 97, '201'),
('2225028', 'B02', 'oom', 2, 76, '201'),
('2225029', 'B02', 'oom', 2, 65, '201'),
('2225030', 'B02', 'oom', 2, 34, '201'),
('2225001', 'C01', 'oom', 1, 4, '201'),
('2225002', 'C01', 'oom', 1, 5, '201'),
('2225003', 'C01', 'oom', 1, 65, '201'),
('2225004', 'C01', 'oom', 1, 7, '201'),
('2225005', 'C01', 'oom', 1, 54, '201'),
('2225006', 'C01', 'oom', 1, 6, '201'),
('2225007', 'C01', 'oom', 1, 45, '201'),
('2225008', 'C01', 'oom', 1, 7, '201'),
('2225009', 'C01', 'oom', 1, 3, '201'),
('2225010', 'C01', 'oom', 1, 43, '201'),
('2225011', 'C01', 'oom', 1, 43, '201'),
('2225012', 'C01', 'oom', 1, 5, '201'),
('2225013', 'C01', 'oom', 1, 6, '201'),
('2225014', 'C01', 'oom', 1, 76, '201'),
('2225015', 'C01', 'oom', 1, 86, '201'),
('2225016', 'C01', 'oom', 1, 64, '201'),
('2225017', 'C01', 'oom', 1, 54, '201'),
('2225018', 'C01', 'oom', 1, 23, '201'),
('2225019', 'C01', 'oom', 1, 34, '201'),
('2225020', 'C01', 'oom', 1, 54, '201'),
('2225021', 'C01', 'oom', 1, 64, '201'),
('2225022', 'C01', 'oom', 1, 7, '201'),
('2225023', 'C01', 'oom', 1, 6, '201'),
('2225024', 'C01', 'oom', 1, 8, '201'),
('2225025', 'C01', 'oom', 1, 9, '201'),
('2225026', 'C01', 'oom', 1, 54, '201'),
('2225027', 'C01', 'oom', 1, 42, '201'),
('2225028', 'C01', 'oom', 1, 23, '201'),
('2225029', 'C01', 'oom', 1, 45, '201'),
('2225030', 'C01', 'oom', 1, 6, '201'),
('2225001', 'C01', 'oom', 2, 42, '201'),
('2225002', 'C01', 'oom', 2, 54, '201'),
('2225003', 'C01', 'oom', 2, 6, '201'),
('2225004', 'C01', 'oom', 2, 75, '201'),
('2225005', 'C01', 'oom', 2, 65, '201'),
('2225006', 'C01', 'oom', 2, 45, '201'),
('2225007', 'C01', 'oom', 2, 43, '201'),
('2225008', 'C01', 'oom', 2, 23, '201'),
('2225009', 'C01', 'oom', 2, 43, '201'),
('2225010', 'C01', 'oom', 2, 5, '201'),
('2225011', 'C01', 'oom', 2, 6, '201'),
('2225012', 'C01', 'oom', 2, 7, '201'),
('2225013', 'C01', 'oom', 2, 8, '201'),
('2225014', 'C01', 'oom', 2, 5, '201'),
('2225015', 'C01', 'oom', 2, 65, '201'),
('2225016', 'C01', 'oom', 2, 3, '201'),
('2225017', 'C01', 'oom', 2, 43, '201'),
('2225018', 'C01', 'oom', 2, 45, '201'),
('2225019', 'C01', 'oom', 2, 6, '201'),
('2225020', 'C01', 'oom', 2, 64, '201'),
('2225021', 'C01', 'oom', 2, 65, '201');

INSERT INTO PUBLIC.TEST(STUDENT_NO, SUBJECT_CD, SCHOOL_CD, NO, POINT, CLASS_NUM) VALUES
('2225022', 'C01', 'oom', 2, 7, '201'),
('2225023', 'C01', 'oom', 2, 87, '201'),
('2225024', 'C01', 'oom', 2, 9, '201'),
('2225025', 'C01', 'oom', 2, 46, '201'),
('2225026', 'C01', 'oom', 2, 45, '201'),
('2225027', 'C01', 'oom', 2, 32, '201'),
('2225028', 'C01', 'oom', 2, 24, '201'),
('2225029', 'C01', 'oom', 2, 26, '201'),
('2225030', 'C01', 'oom', 2, 73, '201'),
('2225001', 'C02', 'oom', 1, 54, '201'),
('2225002', 'C02', 'oom', 1, 7, '201'),
('2225003', 'C02', 'oom', 1, 67, '201'),
('2225004', 'C02', 'oom', 1, 54, '201'),
('2225005', 'C02', 'oom', 1, 54, '201'),
('2225006', 'C02', 'oom', 1, 34, '201'),
('2225007', 'C02', 'oom', 1, 42, '201'),
('2225008', 'C02', 'oom', 1, 32, '201'),
('2225009', 'C02', 'oom', 1, 32, '201'),
('2225010', 'C02', 'oom', 1, 35, '201'),
('2225011', 'C02', 'oom', 1, 45, '201'),
('2225012', 'C02', 'oom', 1, 54, '201'),
('2225013', 'C02', 'oom', 1, 45, '201'),
('2225014', 'C02', 'oom', 1, 65, '201'),
('2225015', 'C02', 'oom', 1, 75, '201'),
('2225016', 'C02', 'oom', 1, 45, '201'),
('2225017', 'C02', 'oom', 1, 45, '201'),
('2225018', 'C02', 'oom', 1, 4, '201'),
('2225019', 'C02', 'oom', 1, 23, '201'),
('2225020', 'C02', 'oom', 1, 44, '201'),
('2225021', 'C02', 'oom', 1, 5, '201'),
('2225022', 'C02', 'oom', 1, 5, '201'),
('2225023', 'C02', 'oom', 1, 6, '201'),
('2225024', 'C02', 'oom', 1, 75, '201'),
('2225025', 'C02', 'oom', 1, 73, '201'),
('2225026', 'C02', 'oom', 1, 45, '201'),
('2225027', 'C02', 'oom', 1, 34, '201'),
('2225028', 'C02', 'oom', 1, 6, '201'),
('2225029', 'C02', 'oom', 1, 8, '201'),
('2225030', 'C02', 'oom', 1, 68, '201');

INSERT INTO PUBLIC.CLASS_NUM(SCHOOL_CD, CLASS_NUM) VALUES
('oom', '131'),
('oom', '201'),
('tky', '101'),
('tky', '201');


INSERT INTO PUBLIC.STUDENT(NO, NAME, ENT_YEAR, CLASS_NUM, IS_ATTEND, SCHOOL_CD) VALUES
('2225001', STRINGDECODE('\u7530\u539f \u57fa\u4e4b'), 2022, '201', TRUE, 'oom'),
('2225002', STRINGDECODE('\u592a\u7530 \u512a\u83dc'), 2022, '201', TRUE, 'oom'),
('2225003', STRINGDECODE('\u4e09\u8c37 \u967d\u5411\u592a'), 2022, '201', TRUE, 'oom'),
('2225004', STRINGDECODE('\u798f\u7530 \u4f73\u5948\u5b50'), 2022, '201', TRUE, 'oom'),
('2225005', STRINGDECODE('\u5c0f\u7530 \u594f\u6d77'), 2022, '201', TRUE, 'oom'),
('2225006', STRINGDECODE('\u4e95\u5ddd \u590f\u5e0c'), 2022, '201', TRUE, 'oom'),
('2225007', STRINGDECODE('\u9ed2\u5d0e \u967d\u5411'), 2022, '201', TRUE, 'oom'),
('2225008', STRINGDECODE('\u677e\u5c3e \u90a6\u96c4'), 2022, '201', TRUE, 'oom'),
('2225009', STRINGDECODE('\u7aaa\u7530 \u5f69\u6765'), 2022, '201', TRUE, 'oom'),
('2225010', STRINGDECODE('\u6cb3\u5d0e \u9ebb\u8863'), 2022, '201', TRUE, 'oom'),
('2225011', STRINGDECODE('\u77f3\u4e38 \u967d\u4e00'), 2022, '201', TRUE, 'oom'),
('2225012', STRINGDECODE('\u798f\u4e95 \u5e78\u96c4'), 2022, '201', TRUE, 'oom'),
('2225013', STRINGDECODE('\u5927\u6fa4 \u5149\u6b63'), 2022, '201', TRUE, 'oom'),
('2225014', STRINGDECODE('\u5927\u524d \u660e\u97f3'), 2022, '201', TRUE, 'oom'),
('2225015', STRINGDECODE('\u571f\u7530 \u5f69'), 2022, '201', TRUE, 'oom'),
('2225016', STRINGDECODE('\u5bae\u539f \u512a'), 2022, '201', TRUE, 'oom'),
('2225017', STRINGDECODE('\u76f8\u539f \u594f\u771f'), 2022, '201', TRUE, 'oom'),
('2225018', STRINGDECODE('\u6cb3\u539f \u4f38\u6d69'), 2022, '201', TRUE, 'oom'),
('2225019', STRINGDECODE('\u571f\u7530 \u5927\u9020'), 2022, '201', TRUE, 'oom'),
('2225020', STRINGDECODE('\u718a\u7530 \u6854\u6897'), 2022, '201', TRUE, 'oom'),
('2225021', STRINGDECODE('\u9577\u5d0e \u9999\u82d7'), 2022, '201', TRUE, 'oom'),
('2225022', STRINGDECODE('\u91ce\u5d0e \u9053\u592b'), 2022, '201', TRUE, 'oom'),
('2225023', STRINGDECODE('\u8c37\u6751 \u52dd\u96c4'), 2022, '201', TRUE, 'oom'),
('2225024', STRINGDECODE('\u795e\u91ce \u53cb\u5b50'), 2022, '201', TRUE, 'oom'),
('2225025', STRINGDECODE('\u5e73\u5ddd \u7406\u7396'), 2022, '201', TRUE, 'oom'),
('2225026', STRINGDECODE('\u6b66\u7530 \u660e\u5b8f'), 2022, '201', TRUE, 'oom'),
('2225027', STRINGDECODE('\u67f3\u539f \u548c\u88d5'), 2022, '201', TRUE, 'oom'),
('2225028', STRINGDECODE('\u5bcc\u6a2b \u6b63\u4fe1'), 2022, '201', TRUE, 'oom'),
('2225029', STRINGDECODE('\u4e2d\u6fa4 \u5343\u88d5'), 2022, '201', TRUE, 'oom'),
('2225030', STRINGDECODE('\u6e21\u90e8 \u514b\u5b8f'), 2022, '201', TRUE, 'oom'),
('2325001', STRINGDECODE('\u9752\u6728\u3000\u6df3\u665f'), 2023, '131', TRUE, 'oom'),
('2325002', STRINGDECODE('\u65b0\u4e95\u3000\u5eb7\u751f'), 2023, '131', TRUE, 'oom'),
('2325003', STRINGDECODE('\u6c5f\u6fa4\u3000\u514b\u5e0c'), 2023, '131', TRUE, 'oom'),
('2325004', STRINGDECODE('\u52a0\u85e4\u3000\u4f0a\u7e54'), 2023, '131', TRUE, 'oom'),
('2325005', STRINGDECODE('\u52a0\u85e4\u3000\u9054\u4e5f'), 2023, '131', TRUE, 'oom'),
('2325006', STRINGDECODE('\u91d1\u5b50\u3000\u5927\u8f1d'), 2023, '131', TRUE, 'oom'),
('2325007', STRINGDECODE('\u5ddd\u5cf6\u3000\u6765\u7d00'), 2023, '131', TRUE, 'oom'),
('2325008', STRINGDECODE('\u718a\u8c37\u3000\u52c7\u4eba'), 2023, '131', TRUE, 'oom'),
('2325009', STRINGDECODE('\u718a\u8c37\u3000\u98db\u99ac'), 2023, '131', TRUE, 'oom'),
('2325010', STRINGDECODE('\u7532\u5dde\u3000\u9678'), 2023, '131', TRUE, 'oom'),
('2325011', STRINGDECODE('\u5bd2\u6cb3\u6c5f\u3000\u7fd4\u5b87'), 2023, '131', TRUE, 'oom'),
('2325012', STRINGDECODE('\u5742\u672c\u3000\u6d69\u6bc5'), 2023, '131', TRUE, 'oom'),
('2325013', STRINGDECODE('\u9234\u6728\u3000\u6d77\u60a0'), 2023, '131', TRUE, 'oom'),
('2325014', STRINGDECODE('\u9234\u6728\u3000\u5065\u6c70'), 2023, '131', TRUE, 'oom'),
('2325015', STRINGDECODE('\u9234\u6728\u3000\u745e\u83dc'), 2023, '131', TRUE, 'oom'),
('2325016', STRINGDECODE('\u4f4f\u7530\u3000\u60a0\u5927'), 2023, '131', TRUE, 'oom'),
('2325017', STRINGDECODE('\u9ad9\u6a4b\u3000\u51dc'), 2023, '131', TRUE, 'oom'),
('2325018', STRINGDECODE('\u7530\u4e2d\u3000\u5553\u6597'), 2023, '131', TRUE, 'oom');
INSERT INTO PUBLIC.STUDENT(NO, NAME, ENT_YEAR, CLASS_NUM, IS_ATTEND, SCHOOL_CD) VALUES
('2325019', STRINGDECODE('\u7530\u4e2d\u3000\u7687\u8f1d'), 2023, '131', TRUE, 'oom'),
('2325020', STRINGDECODE('\u4e2d\u6751\u3000\u98af\u6c70'), 2023, '131', TRUE, 'oom'),
('2325021', STRINGDECODE('\u65b0\u7530\u3000\u6b66\u4e38'), 2023, '131', TRUE, 'oom'),
('2325022', STRINGDECODE('\u91ce\u4e0a\u3000\u5f8b\u7a00'), 2022, '131', TRUE, 'oom'),
('2325023', STRINGDECODE('\u6a4b\u672c\u3000\u8aa0\u6c70'), 2023, '131', TRUE, 'oom'),
('2325024', STRINGDECODE('\u85e4\u539f\u3000\u6602\u5e73'), 2023, '131', TRUE, 'oom'),
('2325025', STRINGDECODE('\u677e\u672c\u3000\u5065\u6c70'), 2023, '131', TRUE, 'oom'),
('2325026', STRINGDECODE('\u6469\u6587\u4ec1\u3000\u6dbc'), 2023, '131', TRUE, 'oom'),
('2325027', STRINGDECODE('\u68ee\u5143\u3000\u96c5\u6a39'), 2023, '131', TRUE, 'oom'),
('2325028', STRINGDECODE('\u68ee\u5c71\u3000\u5915\u592a'), 2023, '131', TRUE, 'oom'),
('2325029', STRINGDECODE('\u5c71\u7530\u3000\u771f\u7dbe'), 2023, '131', TRUE, 'oom'),
('2325030', STRINGDECODE('\u6e21\u8fba\u3000\u96c4\u4e5f'), 2023, '131', TRUE, 'oom'),
('2125001', STRINGDECODE('\u66fd\u6839 \u6cbb\u592b'), 2021, '201', FALSE, 'oom'),
('2125002', STRINGDECODE('\u6e05\u91ce \u6625\u4f73'), 2021, '201', FALSE, 'oom'),
('2125003', STRINGDECODE('\u77f3\u5742 \u68a8\u6c99'), 2021, '201', FALSE, 'oom'),
('2125004', STRINGDECODE('\u91ce\u672c \u76db\u592b'), 2021, '201', FALSE, 'oom'),
('2125005', STRINGDECODE('\u67ff\u5d0e \u4eae\u4e00'), 2021, '201', FALSE, 'oom'),
('2125006', STRINGDECODE('\u5ddd\u5cf6 \u6276\u4e09\u4ee3'), 2021, '201', FALSE, 'oom'),
('2125007', STRINGDECODE('\u9752\u6728 \u4eae'), 2021, '201', FALSE, 'oom'),
('2125008', STRINGDECODE('\u76ca\u5b50 \u535a\u4fe1'), 2021, '201', FALSE, 'oom'),
('2125009', STRINGDECODE('\u897f\u5cf6 \u8449\u7409'), 2021, '201', FALSE, 'oom'),
('2125010', STRINGDECODE('\u6d25\u6751 \u6a39'), 2021, '201', FALSE, 'oom'),
('2125011', STRINGDECODE('\u6c60\u8c37 \u73e0\u5e0c'), 2021, '201', FALSE, 'oom'),
('2125012', STRINGDECODE('\u5b87\u7530\u5ddd \u7d17\u3005'), 2021, '201', FALSE, 'oom'),
('2125013', STRINGDECODE('\u6cb3\u672c \u91d1\u6b21\u90ce'), 2021, '201', FALSE, 'oom'),
('2125014', STRINGDECODE('\u52dd\u53c8 \u512a\u4f73'), 2021, '201', FALSE, 'oom'),
('2125015', STRINGDECODE('\u5927\u6797 \u6804\u8535'), 2021, '201', FALSE, 'oom'),
('2125016', STRINGDECODE('\u6885\u6ca2 \u6e05\u4e00\u90ce'), 2021, '201', FALSE, 'oom'),
('2125017', STRINGDECODE('\u5c0f\u66ae \u7167\u592b'), 2021, '201', FALSE, 'oom'),
('2125018', STRINGDECODE('\u68ee\u5ddd \u77e9\u4e4b'), 2021, '201', FALSE, 'oom'),
('2125019', STRINGDECODE('\u9ed2\u5ddd \u7f8e\u667a\u5b50'), 2021, '201', FALSE, 'oom'),
('2125020', STRINGDECODE('\u5c0f\u6751 \u7409\u5948'), 2021, '201', FALSE, 'oom'),
('2125021', STRINGDECODE('\u6069\u7530 \u5143'), 2021, '201', FALSE, 'oom'),
('2125022', STRINGDECODE('\u5ddd\u8fba \u9065\u82b1'), 2021, '201', FALSE, 'oom'),
('2125023', STRINGDECODE('\u91cd\u677e \u9054\u884c'), 2021, '201', FALSE, 'oom'),
('2125024', STRINGDECODE('\u897f\u53e3 \u771f\u685c'), 2021, '201', FALSE, 'oom'),
('2125025', STRINGDECODE('\u6c60\u8c37 \u83ef\u51db'), 2021, '201', FALSE, 'oom'),
('2125026', STRINGDECODE('\u5ca1\u91ce \u6e05\u5b50'), 2021, '201', FALSE, 'oom'),
('2125027', STRINGDECODE('\u6cbc\u7530 \u99ff'), 2021, '201', FALSE, 'oom'),
('2125028', STRINGDECODE('\u5927\u57ce \u677e\u96c4'), 2021, '201', FALSE, 'oom'),
('2125029', STRINGDECODE('\u5fd7\u7530 \u5609\u5b50'), 2021, '201', FALSE, 'oom'),
('2125030', STRINGDECODE('\u548c\u6cc9 \u654f\u5f66'), 2021, '201', FALSE, 'oom'),
('2300101', STRINGDECODE('\u5b66\u751f1'), 2023, '101', TRUE, 'tky'),
('2300102', STRINGDECODE('\u5b66\u751f2'), 2023, '101', TRUE, 'tky'),
('2300103', STRINGDECODE('\u5b66\u751f3'), 2023, '101', TRUE, 'tky'),
('2300104', STRINGDECODE('\u5b66\u751f4'), 2023, '101', TRUE, 'tky'),
('2300105', STRINGDECODE('\u5b66\u751f5'), 2023, '101', TRUE, 'tky'),
('2300106', STRINGDECODE('\u5b66\u751f6'), 2023, '101', TRUE, 'tky'),
('2300107', STRINGDECODE('\u5b66\u751f7'), 2023, '101', TRUE, 'tky');

INSERT INTO PUBLIC.STUDENT(NO, NAME, ENT_YEAR, CLASS_NUM, IS_ATTEND, SCHOOL_CD) VALUES
('2300108', STRINGDECODE('\u5b66\u751f8'), 2023, '101', TRUE, 'tky'),
('2300109', STRINGDECODE('\u5b66\u751f9'), 2023, '101', TRUE, 'tky'),
('2300110', STRINGDECODE('\u5b66\u751f10'), 2023, '101', TRUE, 'tky'),
('2300111', STRINGDECODE('\u5b66\u751f11'), 2023, '101', TRUE, 'tky'),
('2300112', STRINGDECODE('\u5b66\u751f12'), 2023, '101', TRUE, 'tky'),
('2300114', STRINGDECODE('\u5b66\u751f14'), 2023, '101', TRUE, 'tky'),
('2300115', STRINGDECODE('\u5b66\u751f15'), 2023, '101', TRUE, 'tky'),
('2300116', STRINGDECODE('\u5b66\u751f16'), 2023, '101', TRUE, 'tky'),
('2300117', STRINGDECODE('\u5b66\u751f17'), 2023, '101', TRUE, 'tky'),
('2300118', STRINGDECODE('\u5b66\u751f18'), 2023, '101', TRUE, 'tky'),
('2300119', STRINGDECODE('\u5b66\u751f19'), 2023, '101', TRUE, 'tky'),
('2300120', STRINGDECODE('\u5b66\u751f20'), 2023, '101', TRUE, 'tky'),
('2300121', STRINGDECODE('\u5b66\u751f21'), 2023, '101', TRUE, 'tky'),
('2300122', STRINGDECODE('\u5b66\u751f22'), 2023, '101', TRUE, 'tky'),
('2300123', STRINGDECODE('\u5b66\u751f23'), 2023, '101', TRUE, 'tky'),
('2300124', STRINGDECODE('\u5b66\u751f24'), 2023, '101', TRUE, 'tky'),
('2300125', STRINGDECODE('\u5b66\u751f25'), 2023, '101', TRUE, 'tky'),
('2300126', STRINGDECODE('\u5b66\u751f26'), 2023, '101', TRUE, 'tky'),
('2300127', STRINGDECODE('\u5b66\u751f27'), 2023, '101', TRUE, 'tky'),
('2300128', STRINGDECODE('\u5b66\u751f28'), 2023, '101', TRUE, 'tky'),
('2300129', STRINGDECODE('\u5b66\u751f29'), 2023, '101', TRUE, 'tky'),
('2300130', STRINGDECODE('\u5b66\u751f30'), 2023, '101', TRUE, 'tky');
